trajectory,t_s,q1_rad,q2_rad,q3_rad,q4_rad,q5_rad,q6_rad,qd1_rad_s,qd2_rad_s,qd3_rad_s,qd4_rad_s,qd5_rad_s,qd6_rad_s,qdd1_rad_s2,qdd2_rad_s2,qdd3_rad_s2,qdd4_rad_s2,qdd5_rad_s2,qdd6_rad_s2
ccro_nubs_candidate,0.000000,0.869832516,-0.428997904,1.023973872,-0.117820725,1.570788790,0.869854510,0.000000000,0.000000000,0.000000000,0.000000000,0.000000000,0.000000000,0.000000000,0.000000000,0.000000000,0.000000000,0.000000000,0.000000000
ccro_nubs_candidate,0.040000,0.869830983,-0.428995485,1.023972305,-0.117819873,1.570788691,0.869852933,-0.000114704,0.000180638,-0.000116847,0.000063590,-0.000007435,-0.000117940,-0.005710640,0.008951073,-0.005780969,0.003150927,-0.000369596,-0.005866434
ccro_nubs_candidate,0.080000,0.869820333,-0.428978808,1.023961538,-0.117814003,1.570788002,0.869841995,-0.000454890,0.000709680,-0.000457619,0.000249808,-0.000029397,-0.000466883,-0.011274211,0.017421700,-0.011197533,0.006131929,-0.000726373,-0.011550453
ccro_nubs_candidate,0.120000,0.869791664,-0.428934319,1.023932903,-0.117798343,1.570786152,0.869812599,-0.001014689,0.001568090,-0.001007891,0.000551923,-0.000065374,-0.001039570,-0.016691349,0.025420995,-0.016257251,0.008946271,-0.001070386,-0.017054022
ccro_nubs_candidate,0.160000,0.869736308,-0.428849218,1.023878302,-0.117768392,1.570782592,0.869755941,-0.001788254,0.002737197,-0.001753542,0.000963331,-0.000114858,-0.001828824,-0.021962691,0.032958069,-0.020967684,0.011597216,-0.001401694,-0.022379107
ccro_nubs_candidate,0.200000,0.869645831,-0.428711445,1.023790199,-0.117719906,1.570776790,0.869663501,-0.002769768,0.004198694,-0.002680750,0.001477565,-0.000177341,-0.002827545,-0.027088872,0.040042035,-0.025336392,0.014088028,-0.001720351,-0.027527672
ccro_nubs_candidate,0.240000,0.869512031,-0.428509663,1.023661602,-0.117648900,1.570768238,0.869527039,-0.003953437,0.005934639,-0.003775998,0.002088282,-0.000252318,-0.004028711,-0.032070530,0.046682005,-0.029370935,0.016421972,-0.002026416,-0.032501684
ccro_nubs_candidate,0.280000,0.869326937,-0.428233249,1.023486055,-0.117551640,1.570756445,0.869338597,-0.005333492,0.007927456,-0.005026070,0.002789274,-0.000339287,-0.005425379,-0.036908299,0.052887091,-0.033078873,0.018602310,-0.002319944,-0.037303109
ccro_nubs_candidate,0.320000,0.869082810,-0.427872272,1.023257624,-0.117424636,1.570740941,0.869090493,-0.006904191,0.010159930,-0.006418054,0.003574462,-0.000437748,-0.007010685,-0.041602816,0.058666405,-0.036467766,0.020632307,-0.002600991,-0.041933911
ccro_nubs_candidate,0.360000,0.868772136,-0.427417484,1.022970887,-0.117264639,1.570721278,0.868775318,-0.008659816,0.012615213,-0.007939338,0.004437898,-0.000547201,-0.008777843,-0.046154718,0.064029059,-0.039545175,0.022515227,-0.002869616,-0.046396056
ccro_nubs_candidate,0.400000,0.868387634,-0.426860304,1.022620917,-0.117068638,1.570697025,0.868385931,-0.010594675,0.015276821,-0.009577615,0.005373763,-0.000667152,-0.010720147,-0.050564641,0.068984166,-0.042318659,0.024254333,-0.003125873,-0.050691510
ccro_nubs_candidate,0.440000,0.867922248,-0.426192802,1.022203278,-0.116833849,1.570667773,0.867915459,-0.012703103,0.018128634,-0.011320879,0.006376371,-0.000797107,-0.012830967,-0.054833220,0.073540838,-0.044795779,0.025852889,-0.003369820,-0.054822237
ccro_nubs_candidate,0.480000,0.867369147,-0.425407687,1.021714003,-0.116557713,1.570633130,0.867357294,-0.014979457,0.021154897,-0.013157427,0.007440164,-0.000936574,-0.015103755,-0.058961092,0.077708186,-0.046984095,0.027314159,-0.003601513,-0.058790205
ccro_nubs_candidate,0.520000,0.866721727,-0.424498290,1.021149592,-0.116237892,1.570592726,0.866705085,-0.017418122,0.024340219,-0.015075857,0.008559716,-0.001085065,-0.017532040,-0.062948893,0.081495323,-0.048891167,0.028641406,-0.003821010,-0.062597377
ccro_nubs_candidate,0.560000,0.865973608,-0.423458550,1.020506991,-0.115872263,1.570546211,0.865952742,-0.020013509,0.027669574,-0.017065071,0.009729733,-0.001242093,-0.020109428,-0.066797259,0.084911362,-0.050524555,0.029837896,-0.004028365,-0.066245720
ccro_nubs_candidate,0.600000,0.865118631,-0.422282999,1.019783586,-0.115458909,1.570493252,0.865094427,-0.022760052,0.031128301,-0.019114273,0.010945048,-0.001407173,-0.022829606,-0.070506827,0.087965414,-0.051891819,0.030906891,-0.004223636,-0.069737199
ccro_nubs_candidate,0.640000,0.864150862,-0.420966751,1.018977189,-0.114996122,1.570433536,0.864124553,-0.025652213,0.034702103,-0.021212969,0.012200628,-0.001579824,-0.025686338,-0.074078232,0.090666591,-0.053000520,0.031851655,-0.004406880,-0.073073780
ccro_nubs_candidate,0.680000,0.863064586,-0.419505483,1.018086025,-0.114482388,1.570366771,0.863037782,-0.028684477,0.038377045,-0.023350968,0.013491567,-0.001759564,-0.028673469,-0.077512111,0.093024007,-0.053858217,0.032675452,-0.004578153,-0.076257428
ccro_nubs_candidate,0.720000,0.861854309,-0.417895420,1.017108720,-0.113916389,1.570292683,0.861829018,-0.031851357,0.042139561,-0.025518380,0.014813094,-0.001945917,-0.031784920,-0.080809100,0.095046772,-0.054472471,0.033381546,-0.004737511,-0.079290108
ccro_nubs_candidate,0.760000,0.860514756,-0.416133326,1.016044290,-0.113296994,1.570211016,0.860493410,-0.035147389,0.045976446,-0.027705620,0.016160565,-0.002138407,-0.035014691,-0.083969835,0.096743999,-0.054850842,0.033973201,-0.004885012,-0.082173786
ccro_nubs_candidate,0.800000,0.859040868,-0.414216484,1.014892130,-0.112623258,1.570121535,0.859026344,-0.038567135,0.049874862,-0.029903403,0.017529468,-0.002336561,-0.038356862,-0.086994952,0.098124801,-0.055000890,0.034453680,-0.005020711,-0.084910428
ccro_nubs_candidate,0.840000,0.857427807,-0.412142683,1.013651997,-0.111894410,1.570024022,0.857423441,-0.042105185,0.053822333,-0.032102748,0.018915421,-0.002539907,-0.041805591,-0.089885088,0.099198289,-0.054930175,0.034826248,-0.005144666,-0.087501999
ccro_nubs_candidate,0.880000,0.855670948,-0.409910205,1.012324005,-0.111109854,1.569918279,0.855680553,-0.045756151,0.057806749,-0.034294975,0.020314173,-0.002747978,-0.045355114,-0.092640878,0.099973575,-0.054646257,0.035094168,-0.005256933,-0.089950465
ccro_nubs_candidate,0.920000,0.853765881,-0.407517808,1.010908606,-0.110269160,1.569804127,0.853793764,-0.049514672,0.061816365,-0.036471707,0.021721603,-0.002960307,-0.048999746,-0.095262959,0.100459773,-0.054156697,0.035260704,-0.005357568,-0.092257790
ccro_nubs_candidate,0.960000,0.851708411,-0.404964712,1.009406583,-0.109372063,1.569681404,0.851759380,-0.053375414,0.065839798,-0.038624869,0.023133721,-0.003176429,-0.052733882,-0.097751967,0.100665993,-0.053469054,0.035329120,-0.005446628,-0.094425941
ccro_nubs_candidate,1.000000,0.849494556,-0.402250587,1.007819035,-0.108418452,1.569549968,0.849573933,-0.057333064,0.069866032,-0.040746691,0.024546667,-0.003395883,-0.056551992,-0.100108538,0.100601349,-0.052590889,0.035302680,-0.005524169,-0.096456884
ccro_nubs_candidate,1.040000,0.847120545,-0.399375534,1.006147365,-0.107408368,1.569409695,0.847234174,-0.061382339,0.073884416,-0.042829701,0.025956714,-0.003618210,-0.060448629,-0.102333309,0.100274951,-0.051529762,0.035184647,-0.005590249,-0.098352582
ccro_nubs_candidate,1.080000,0.844582817,-0.396340075,1.004393272,-0.106342001,1.569260479,0.844737068,-0.065517980,0.077884660,-0.044866733,0.027360261,-0.003842951,-0.064418422,-0.104426915,0.099695914,-0.050293233,0.034978285,-0.005644923,-0.100115003
ccro_nubs_candidate,1.120000,0.841878025,-0.393145136,1.002558731,-0.105219680,1.569102233,0.842079795,-0.069734752,0.081856842,-0.046850922,0.028753842,-0.004069652,-0.068456078,-0.106389992,0.098873348,-0.048888862,0.034686859,-0.005688249,-0.101746111
ccro_nubs_candidate,1.160000,0.839003025,-0.389792030,1.000645990,-0.104041871,1.568934887,0.839259746,-0.074027447,0.085791402,-0.048775705,0.030134119,-0.004297860,-0.072556386,-0.108223178,0.097816366,-0.047324210,0.034313631,-0.005720283,-0.103247873
ccro_nubs_candidate,1.200000,0.835954886,-0.386282448,0.998657551,-0.102809171,1.568758390,0.836274517,-0.078390883,0.089679147,-0.050634822,0.031497886,-0.004527125,-0.076714210,-0.109927107,0.096534079,-0.045606836,0.033861867,-0.005741081,-0.104622252
ccro_nubs_candidate,1.240000,0.832730880,-0.382618440,0.996596160,-0.101522302,1.568572709,0.833121910,-0.082819901,0.093511246,-0.052422316,0.032842065,-0.004756998,-0.080924494,-0.111502416,0.095035601,-0.043744300,0.033334829,-0.005750700,-0.105871216
ccro_nubs_candidate,1.280000,0.829328487,-0.378802403,0.994464796,-0.100182106,1.568377828,0.829799925,-0.087309370,0.097279234,-0.054132532,0.034163712,-0.004987033,-0.085182261,-0.112949742,0.093330044,-0.041744163,0.032735781,-0.005749196,-0.106996730
ccro_nubs_candidate,1.320000,0.825745392,-0.374837065,0.992266659,-0.098789543,1.568173750,0.826306761,-0.091854182,0.100975010,-0.055760115,0.035460011,-0.005216786,-0.089482613,-0.114269721,0.091426519,-0.039613985,0.032067988,-0.005736627,-0.108000758
ccro_nubs_candidate,1.360000,0.821979483,-0.370725469,0.990005156,-0.097345679,1.567960495,0.822640812,-0.096449258,0.104590837,-0.057300017,0.036728278,-0.005445816,-0.093820728,-0.115462988,0.089334138,-0.037361327,0.031334713,-0.005713048,-0.108885267
ccro_nubs_candidate,1.400000,0.818028849,-0.366470962,0.987683890,-0.095851688,1.567738100,0.818800663,-0.101089540,0.108119345,-0.058747489,0.037965958,-0.005673684,-0.098191867,-0.116530180,0.087062015,-0.034993747,0.030539219,-0.005678516,-0.109652222
ccro_nubs_candidate,1.440000,0.813891784,-0.362077179,0.985306649,-0.094308843,1.567506621,0.814785085,-0.105770000,0.111553524,-0.060098086,0.039170629,-0.005899952,-0.102591365,-0.117471933,0.084619261,-0.032518806,0.029684772,-0.005633089,-0.110303588
ccro_nubs_candidate,1.480000,0.809566780,-0.357548027,0.982877390,-0.092718509,1.567266131,0.810593037,-0.110485631,0.114886732,-0.061347663,0.040339998,-0.006124186,-0.107014639,-0.118288883,0.082014987,-0.029944066,0.028774634,-0.005576821,-0.110841332
ccro_nubs_candidate,1.520000,0.805052531,-0.352887670,0.980400234,-0.091082142,1.567016719,0.806223657,-0.115231455,0.118112691,-0.062492381,0.041471901,-0.006345954,-0.111457183,-0.118981666,0.079258308,-0.027277084,0.027812069,-0.005509771,-0.111267418
ccro_nubs_candidate,1.560000,0.800347927,-0.348100520,0.977879445,-0.089401283,1.566758493,0.801676264,-0.120002517,0.121225486,-0.063528701,0.042564308,-0.006564825,-0.115914570,-0.119550919,0.076358334,-0.024525423,0.026800342,-0.005431994,-0.111583812
ccro_nubs_candidate,1.600000,0.795452059,-0.343191215,0.975319426,-0.087677550,1.566491578,0.796950351,-0.124793890,0.124219568,-0.064453386,0.043615316,-0.006780371,-0.120382451,-0.119997278,0.073324177,-0.021696641,0.025742715,-0.005343547,-0.111792479
ccro_nubs_candidate,1.640000,0.790364211,-0.338164607,0.972724702,-0.085912634,1.566216114,0.792045585,-0.129600669,0.127089752,-0.065263505,0.044623156,-0.006992167,-0.124856558,-0.120321379,0.070164951,-0.018798299,0.024642454,-0.005244487,-0.111895385
ccro_nubs_candidate,1.680000,0.785083865,-0.333025751,0.970099909,-0.084108295,1.565932260,0.786961800,-0.134417978,0.129831218,-0.065956424,0.045586188,-0.007199790,-0.129332698,-0.120523858,0.066889766,-0.015837958,0.023502821,-0.005134870,-0.111894496
ccro_nubs_candidate,1.720000,0.779610697,-0.327779885,0.967449782,-0.082266356,1.565640192,0.781698997,-0.139240965,0.132439509,-0.066529815,0.046502901,-0.007402817,-0.133806760,-0.120605351,0.063507736,-0.012823177,0.022327081,-0.005014753,-0.111791777
ccro_nubs_candidate,1.760000,0.773944576,-0.322432420,0.964779144,-0.080388699,1.565340102,0.776257341,-0.144064802,0.134910534,-0.066981653,0.047371916,-0.007600831,-0.138274709,-0.120566494,0.060027973,-0.009761516,0.021118497,-0.004884192,-0.111589193
ccro_nubs_candidate,1.800000,0.768085565,-0.316988923,0.962092894,-0.078477256,1.565032198,0.770637154,-0.148884688,0.137240565,-0.067310212,0.048191986,-0.007793414,-0.142732590,-0.120407924,0.056459588,-0.006660536,0.019880333,-0.004743244,-0.111288711
ccro_nubs_candidate,1.840000,0.762033917,-0.311455100,0.959395990,-0.076534007,1.564716706,0.764838919,-0.153695848,0.139426241,-0.067514072,0.048961992,-0.007980152,-0.147176526,-0.120130277,0.052811694,-0.003527797,0.018615853,-0.004591965,-0.110892294
ccro_nubs_candidate,1.880000,0.755790077,-0.305836788,0.956693446,-0.074560977,1.564393869,0.758863269,-0.158493531,0.141464562,-0.067592113,0.049680947,-0.008160634,-0.151602720,-0.119734189,0.049093403,-0.000370859,0.017328321,-0.004430413,-0.110401910
ccro_nubs_candidate,1.920000,0.749354678,-0.300139935,0.953990310,-0.072560224,1.564063945,0.752710988,-0.163273012,0.143352896,-0.067543519,0.050347994,-0.008334449,-0.156007452,-0.119220295,0.045313827,0.002802719,0.016021001,-0.004258643,-0.109819523
ccro_nubs_candidate,1.960000,0.742728541,-0.294370587,0.951291659,-0.070533839,1.563727207,0.746383008,-0.168029592,0.145088973,-0.067367775,0.050962407,-0.008501190,-0.160387082,-0.118589234,0.041482078,0.005985375,0.014697156,-0.004076712,-0.109147099
ccro_nubs_candidate,2.000000,0.735912678,-0.288534873,0.948602586,-0.068483941,1.563383949,0.739880404,-0.172758597,0.146670888,-0.067064669,0.051523590,-0.008660451,-0.164738046,-0.117841639,0.037607269,0.009169550,0.013360050,-0.003884677,-0.108386604
ccro_nubs_candidate,2.040000,0.728908283,-0.282638992,0.945928183,-0.066412668,1.563034476,0.733204392,-0.177455382,0.148097093,-0.066634284,0.052031074,-0.008811831,-0.169056862,-0.116978480,0.033697702,0.012348437,0.012012637,-0.003682662,-0.107539974
ccro_nubs_candidate,2.080000,0.721716738,-0.276689199,0.943273536,-0.064322176,1.562679113,0.726356329,-0.182115365,0.149366308,-0.066076915,0.052484486,-0.008954936,-0.173340120,-0.116002051,0.029758441,0.015518250,0.010656631,-0.003471058,-0.106609030
ccro_nubs_candidate,2.120000,0.714339604,-0.270691795,0.940643717,-0.062214635,1.562318197,0.719337702,-0.186734070,0.150477430,-0.065392985,0.052883509,-0.009089394,-0.177584484,-0.114914977,0.025793740,0.018675952,0.009293434,-0.003250324,-0.105595566
ccro_nubs_candidate,2.160000,0.706778621,-0.264653125,0.938043778,-0.060092224,1.561952081,0.712150132,-0.191307123,0.151429525,-0.064583041,0.053227884,-0.009214847,-0.181786689,-0.113719886,0.021807854,0.021818511,0.007924451,-0.003020921,-0.104501374
ccro_nubs_candidate,2.200000,0.699035700,-0.258579564,0.935478746,-0.057957135,1.561581134,0.704795371,-0.195830256,0.152221832,-0.063647747,0.053517407,-0.009330958,-0.185943541,-0.112419404,0.017805037,0.024942893,0.006551084,-0.002783308,-0.103328246
ccro_nubs_candidate,2.240000,0.691112922,-0.252477517,0.932953619,-0.055811565,1.561205734,0.697275295,-0.200299306,0.152853759,-0.062587892,0.053751931,-0.009437408,-0.190051920,-0.111016156,0.013789543,0.028046062,0.005174737,-0.002537943,-0.102077976
ccro_nubs_candidate,2.280000,0.683012531,-0.246353407,0.930473363,-0.053657715,1.560826274,0.689591905,-0.204710213,0.153324883,-0.061404385,0.053931364,-0.009533896,-0.194108775,-0.109512769,0.009765626,0.031124987,0.003796813,-0.002285286,-0.100752357
ccro_nubs_candidate,2.320000,0.674736933,-0.240213674,0.928042903,-0.051497791,1.560443159,0.681747320,-0.209059027,0.153634953,-0.060098257,0.054055673,-0.009620140,-0.198111128,-0.107911870,0.005737541,0.034176631,0.002418715,-0.002025796,-0.099353180
ccro_nubs_candidate,2.360000,0.666288688,-0.234064760,0.925667122,-0.049333996,1.560056803,0.673743780,-0.213341898,0.153783888,-0.058670659,0.054124878,-0.009695875,-0.202056072,-0.106216083,0.001709542,0.037197962,0.001041847,-0.001759932,-0.097882238
ccro_nubs_candidate,2.400000,0.657670510,-0.227913110,0.923350853,-0.047168534,1.559667632,0.665583637,-0.217555083,0.153771775,-0.057122865,0.054139056,-0.009760856,-0.205940774,-0.104428037,-0.002314117,0.040185944,-0.000332387,-0.001488155,-0.096341325
ccro_nubs_candidate,2.440000,0.648885259,-0.221765162,0.921098877,-0.045003604,1.559276081,0.657269358,-0.221694946,0.153598873,-0.055456268,0.054098341,-0.009814854,-0.209762469,-0.102550356,-0.006329181,0.043137545,-0.001702586,-0.001210922,-0.094732233
ccro_nubs_candidate,2.480000,0.639935939,-0.215627338,0.918915916,-0.042841396,1.558882593,0.648803516,-0.225757952,0.153265612,-0.053672386,0.054002922,-0.009857663,-0.213518467,-0.100585667,-0.010331396,0.046049730,-0.003067344,-0.000928694,-0.093056754
ccro_nubs_candidate,2.520000,0.630825694,-0.209506043,0.916806628,-0.040684096,1.558487620,0.640188792,-0.229740674,0.152772589,-0.051772856,0.053853045,-0.009889089,-0.217206148,-0.098536596,-0.014316508,0.048919466,-0.004425260,-0.000641929,-0.091316682
ccro_nubs_candidate,2.560000,0.621557800,-0.203407651,0.914775606,-0.038533875,1.558091620,0.631427969,-0.233639789,0.152120576,-0.049759436,0.053649011,-0.009908963,-0.220822964,-0.096405770,-0.018280263,0.051743717,-0.005774929,-0.000351087,-0.089513809
ccro_nubs_candidate,2.600000,0.612135668,-0.197338504,0.912827367,-0.036392893,1.557695059,0.622523932,-0.237452080,0.151310510,-0.047634006,0.053391179,-0.009917128,-0.224366440,-0.094195814,-0.022218405,0.054519450,-0.007114948,-0.000056627,-0.087649928
ccro_nubs_candidate,2.640000,0.602562833,-0.191304903,0.910966352,-0.034263292,1.557298407,0.613479664,-0.241174435,0.150343501,-0.045398567,0.053079963,-0.009913451,-0.227834169,-0.091909356,-0.026126682,0.057243632,-0.008443914,0.000240991,-0.085726831
ccro_nubs_candidate,2.680000,0.592842953,-0.185313100,0.909196920,-0.032147201,1.556902142,0.604298240,-0.244803844,0.149220830,-0.043055243,0.052715832,-0.009897813,-0.231223820,-0.089549020,-0.030000839,0.059913227,-0.009760423,0.000541309,-0.083746311
ccro_nubs_candidate,2.720000,0.582979803,-0.179369293,0.907523341,-0.030046724,1.556506743,0.594982829,-0.248337406,0.147943946,-0.040606277,0.052299314,-0.009870116,-0.234533132,-0.087117434,-0.033836620,0.062525202,-0.011063073,0.000843867,-0.081710162
ccro_nubs_candidate,2.760000,0.572977276,-0.173479619,0.905949795,-0.027963947,1.556112695,0.585536690,-0.251772324,0.146514469,-0.038054035,0.051830990,-0.009830280,-0.237759916,-0.084617223,-0.037629773,0.065076523,-0.012350459,0.001148205,-0.079620174
ccro_nubs_candidate,2.800000,0.562839369,-0.167650146,0.904480362,-0.025900928,1.555720483,0.575963165,-0.255105904,0.144934189,-0.035401004,0.051311499,-0.009778242,-0.240902052,-0.082051014,-0.041376043,0.067564156,-0.013621179,0.001453865,-0.077478142
ccro_nubs_candidate,2.840000,0.552570189,-0.161886868,0.903119024,-0.023859700,1.555330599,0.566265681,-0.258335560,0.143205067,-0.032649792,0.050741536,-0.009713959,-0.243957497,-0.079421434,-0.045071175,0.069985067,-0.014873830,0.001760388,-0.075285858
ccro_nubs_candidate,2.880000,0.542173943,-0.156195697,0.901869652,-0.021842268,1.554943530,0.556447747,-0.261458809,0.141329234,-0.029803129,0.050121852,-0.009637406,-0.246924275,-0.076731107,-0.048710916,0.072336222,-0.016107007,0.002067313,-0.073045115
ccro_nubs_candidate,2.920000,0.531654935,-0.150582455,0.900736008,-0.019850604,1.554559770,0.546512947,-0.264473273,0.139308989,-0.026863865,0.049453254,-0.009548575,-0.249800484,-0.073982661,-0.052291010,0.074614586,-0.017319307,0.002374182,-0.070757705
ccro_nubs_candidate,2.960000,0.521017562,-0.145052870,0.899721738,-0.017886648,1.554179808,0.536464941,-0.267376682,0.137146805,-0.023834973,0.048736605,-0.009447478,-0.252584293,-0.071178721,-0.055807204,0.076817126,-0.018509328,0.002680536,-0.068425421
ccro_nubs_candidate,3.000000,0.510266310,-0.139612568,0.898830364,-0.015952304,1.553804135,0.526307459,-0.270166866,0.134845322,-0.020719547,0.047972824,-0.009334145,-0.255273943,-0.068321914,-0.059255243,0.078940808,-0.019675666,0.002985914,-0.066050056
ccro_nubs_candidate,3.040000,0.499405750,-0.134267065,0.898065285,-0.014049438,1.553433239,0.516044303,-0.272841765,0.132407351,-0.017520800,0.047162886,-0.009208624,-0.257867747,-0.065414866,-0.062630874,0.080982597,-0.020816917,0.003289859,-0.063633402
ccro_nubs_candidate,3.080000,0.488440532,-0.129021760,0.897429766,-0.012179875,1.553067606,0.505679339,-0.275399421,0.129835874,-0.014242071,0.046307823,-0.009070982,-0.260364089,-0.062460204,-0.065929841,0.082939460,-0.021931678,0.003591910,-0.061177253
ccro_nubs_candidate,3.120000,0.477375384,-0.123881933,0.896926939,-0.010345399,1.552707721,0.495216496,-0.277837981,0.127134043,-0.010886816,0.045408724,-0.008921303,-0.262761424,-0.059460553,-0.069147890,0.084808363,-0.023018546,0.003891608,-0.058683401
ccro_nubs_candidate,3.160000,0.466215105,-0.118852731,0.896559794,-0.008547749,1.552354061,0.484659765,-0.280155700,0.124305178,-0.007458615,0.044466730,-0.008759690,-0.265058282,-0.056418540,-0.072280768,0.086586271,-0.024076118,0.004188495,-0.056153638
ccro_nubs_candidate,3.200000,0.454964561,-0.113939166,0.896331174,-0.006788616,1.552007103,0.474013192,-0.282350935,0.121352774,-0.003961168,0.043483043,-0.008586267,-0.267253261,-0.053336790,-0.075324220,0.088270151,-0.025102990,0.004482110,-0.053589757
ccro_nubs_candidate,3.240000,0.443628684,-0.109146107,0.896243773,-0.005069645,1.551667316,0.463280880,-0.284422149,0.118280490,-0.000398298,0.042458919,-0.008401171,-0.269345031,-0.050217931,-0.078273991,0.089856968,-0.026097758,0.004771995,-0.050993551
ccro_nubs_candidate,3.280000,0.432212462,-0.104478274,0.896300130,-0.003392425,1.551335163,0.452466982,-0.286367909,0.115092160,0.003226054,0.041395670,-0.008204563,-0.271332338,-0.047064588,-0.081125828,0.091343688,-0.027059020,0.005057690,-0.048366813
ccro_nubs_candidate,3.320000,0.420720941,-0.099940228,0.896502623,-0.001758494,1.551011102,0.441575702,-0.288186891,0.111791786,0.006907822,0.040294663,-0.007996618,-0.273213993,-0.043879388,-0.083875476,0.092727278,-0.027985373,0.005338735,-0.045711335
ccro_nubs_candidate,3.360000,0.409159217,-0.095536369,0.896853465,-0.000169336,1.550695582,0.430611286,-0.289877871,0.108383541,0.010642821,0.039157324,-0.007777532,-0.274988885,-0.040664957,-0.086518680,0.094004704,-0.028875412,0.005614673,-0.043028911
ccro_nubs_candidate,3.400000,0.397532433,-0.091270926,0.897354701,0.001373627,1.550389045,0.419578028,-0.291439733,0.104871768,0.014426743,0.037985133,-0.007547519,-0.276655971,-0.037423920,-0.089051187,0.095172930,-0.029727734,0.005885043,-0.040321332
ccro_nubs_candidate,3.440000,0.385845774,-0.087147948,0.898008198,0.002869030,1.550091923,0.408480259,-0.292871465,0.101260979,0.018255159,0.036779627,-0.007306809,-0.278214280,-0.034158905,-0.091468742,0.096228924,-0.030540937,0.006149386,-0.037590392
ccro_nubs_candidate,3.480000,0.374104463,-0.083171305,0.898815646,0.004315574,1.549804639,0.397322348,-0.294172160,0.097555858,0.022123520,0.035542398,-0.007055654,-0.279662915,-0.030872538,-0.093767091,0.097169652,-0.031313616,0.006407244,-0.034837883
ccro_nubs_candidate,3.520000,0.362313759,-0.079344673,0.899778550,0.005712021,1.549527606,0.386108699,-0.295341018,0.093761258,0.026027154,0.034275097,-0.006794322,-0.281001047,-0.027567444,-0.095941979,0.097992078,-0.032044369,0.006658155,-0.032065598
ccro_nubs_candidate,3.560000,0.350478949,-0.075671531,0.900898225,0.007057203,1.549261226,0.374843748,-0.296377341,0.089882202,0.029961268,0.032979427,-0.006523100,-0.282227923,-0.024246250,-0.097989153,0.098693170,-0.032731792,0.006901662,-0.029275329
ccro_nubs_candidate,3.600000,0.338605347,-0.072155153,0.902175792,0.008350021,1.549005886,0.363531958,-0.297280538,0.085923885,0.033920949,0.031657150,-0.006242294,-0.283342858,-0.020911582,-0.099904358,0.099269893,-0.033374482,0.007137305,-0.026468870
ccro_nubs_candidate,3.640000,0.326698287,-0.068798605,0.903612175,0.009589445,1.548761966,0.352177820,-0.298050123,0.081891670,0.037901161,0.030310083,-0.005952227,-0.284345240,-0.017566066,-0.101683339,0.099719212,-0.033971036,0.007364625,-0.023648012
ccro_nubs_candidate,3.680000,0.314763124,-0.065604731,0.905208090,0.010774522,1.548529827,0.340785847,-0.298685714,0.077791091,0.041896747,0.028940101,-0.005653241,-0.285234531,-0.014212329,-0.103321843,0.100038096,-0.034520049,0.007583163,-0.020814550
ccro_nubs_candidate,3.720000,0.302805221,-0.062576153,0.906964049,0.011904373,1.548309820,0.329360572,-0.299187035,0.073627852,0.045902429,0.027549132,-0.005345697,-0.286010260,-0.010852997,-0.104815615,0.100223508,-0.035020119,0.007792458,-0.017970275
ccro_nubs_candidate,3.760000,0.290829953,-0.059715260,0.908880347,0.012978199,1.548102280,0.317906546,-0.299553914,0.069407828,0.049912808,0.026139162,-0.005029974,-0.286672032,-0.007490696,-0.106160401,0.100272415,-0.035469843,0.007992053,-0.015116979
ccro_nubs_candidate,3.800000,0.278842701,-0.057024204,0.910957063,0.013995280,1.547907526,0.306428333,-0.299786286,0.065137064,0.053922362,0.024712234,-0.004706468,-0.287219522,-0.004128052,-0.107351946,0.100181783,-0.035867817,0.008181487,-0.012256457
ccro_nubs_candidate,3.840000,0.266848843,-0.054504889,0.913194050,0.014954979,1.547725861,0.294930511,-0.299884189,0.060821773,0.057925449,0.023270446,-0.004375596,-0.287652476,-0.000767691,-0.108385997,0.099948578,-0.036212637,0.008360302,-0.009390500
ccro_nubs_candidate,3.880000,0.254853757,-0.052158971,0.915590936,0.015856746,1.547557571,0.283417665,-0.299847767,0.056468341,0.061916306,0.021815951,-0.004037792,-0.287970714,0.002587760,-0.109258298,0.099569766,-0.036502901,0.008528038,-0.006520902
ccro_nubs_candidate,3.920000,0.242862810,-0.049987843,0.918147113,0.016700116,1.547402924,0.271894385,-0.299677268,0.052083322,0.065889049,0.020350960,-0.003693507,-0.288174124,0.005935675,-0.109964596,0.099042313,-0.036737206,0.008684235,-0.003649454
ccro_nubs_candidate,3.960000,0.230881358,-0.047992636,0.920861738,0.017484713,1.547262170,0.260365266,-0.299373048,0.047673443,0.069837669,0.018877739,-0.003343213,-0.288262669,0.009273428,-0.110500637,0.098363184,-0.036914146,0.008828436,-0.000777950
ccro_nubs_candidate,4.000000,0.218914743,-0.046174207,0.923733723,0.018210256,1.547135541,0.248834903,-0.298935565,0.043245598,0.073756041,0.017398612,-0.002987399,-0.288236383,0.012598393,-0.110862166,0.097529347,-0.037032321,0.008960179,0.002091818
ccro_nubs_candidate,4.040000,0.206968283,-0.044533134,0.926761735,0.018876555,1.547023245,0.237307885,-0.298365381,0.038806839,0.077637926,0.015915951,-0.002626570,-0.288095370,0.015908024,-0.111046356,0.096539030,-0.037090810,0.009079097,0.004958086
ccro_nubs_candidate,4.080000,0.195047273,-0.043069712,0.929944188,0.019483517,1.546925475,0.225788800,-0.297663157,0.034364216,0.081477120,0.014432129,-0.002261242,-0.287839805,0.019200097,-0.111056089,0.095395517,-0.037090632,0.009185178,0.007819210
ccro_nubs_candidate,4.120000,0.183156981,-0.041783956,0.933279254,0.020031141,1.546842399,0.214282225,-0.296829636,0.029924620,0.085267586,0.012949463,-0.001891926,-0.287469924,0.022472470,-0.110895677,0.094103357,-0.037033289,0.009278503,0.010673574
ccro_nubs_candidate,4.160000,0.171302642,-0.040675612,0.936764867,0.020519519,1.546774167,0.202792727,-0.295865650,0.025494773,0.089003468,0.011470208,-0.001519131,-0.286986030,0.025722999,-0.110569428,0.092667097,-0.036920286,0.009359150,0.013519562
ccro_nubs_candidate,4.200000,0.159489456,-0.039744157,0.940398728,0.020948832,1.546720908,0.191324858,-0.294772116,0.021081220,0.092679093,0.009996562,-0.001143362,-0.286388492,0.028949542,-0.110081652,0.091091286,-0.036753125,0.009427201,0.016355560
ccro_nubs_candidate,4.240000,0.147722586,-0.038988812,0.944178318,0.021319347,1.546682731,0.179883157,-0.293550036,0.016690337,0.096288970,0.008530660,-0.000765122,-0.285677740,0.032149954,-0.109436659,0.089380470,-0.036533308,0.009482733,0.019179950
ccro_nubs_candidate,4.280000,0.136007153,-0.038408545,0.948100898,0.021631416,1.546659725,0.168472142,-0.292200497,0.012328326,0.099827791,0.007074579,-0.000384909,-0.284854272,0.035322094,-0.108638760,0.087539198,-0.036262339,0.009525828,0.021991119
ccro_nubs_candidate,4.320000,0.124348230,-0.038002080,0.952163525,0.021885471,1.546651958,0.157096310,-0.290724674,0.008001217,0.103290427,0.005630335,-0.000003220,-0.283918649,0.038463819,-0.107692264,0.085572017,-0.035941721,0.009556565,0.024787450
ccro_nubs_candidate,4.360000,0.112750846,-0.037767904,0.956363051,0.022082027,1.546659481,0.145760137,-0.289123825,0.003714869,0.106671934,0.004199883,0.000379452,-0.282871496,0.041572984,-0.106601481,0.083483476,-0.035572957,0.009575023,0.027567328
ccro_nubs_candidate,4.400000,0.101219973,-0.037704272,0.960696135,0.022221671,1.546682321,0.134468069,-0.287399298,-0.000525035,0.109967548,0.002785120,0.000762619,-0.281713503,0.044647448,-0.105370721,0.081278122,-0.035157549,0.009581281,0.030329137
ccro_nubs_candidate,4.440000,0.089760532,-0.037809214,0.965159248,0.022305070,1.546720490,0.123224524,-0.285552521,-0.004712980,0.113172687,0.001387881,0.001145793,-0.280445427,0.047685067,-0.104004294,0.078960503,-0.034697000,0.009575421,0.033071262
ccro_nubs_candidate,4.480000,0.078377382,-0.038080546,0.969748684,0.022332959,1.546773978,0.112033891,-0.283585012,-0.008843627,0.116282952,0.000009942,0.001528492,-0.279068086,0.050683698,-0.102506510,0.076535166,-0.034192814,0.009557521,0.035792087
ccro_nubs_candidate,4.520000,0.067075320,-0.038515871,0.974460563,0.022306146,1.546842757,0.100900523,-0.281498373,-0.012911807,0.119294125,-0.001346982,0.001910236,-0.277582366,0.053641198,-0.100881678,0.074006661,-0.033646493,0.009527661,0.038489998
ccro_nubs_candidate,4.560000,0.055859078,-0.039112591,0.979290839,0.022225503,1.546926778,0.089828735,-0.279294293,-0.016912525,0.122202170,-0.002681236,0.002290547,-0.275989214,0.056555425,-0.099134109,0.071379533,-0.033059541,0.009485921,0.041163377
ccro_nubs_candidate,4.600000,0.044733318,-0.039867909,0.984235310,0.022091970,1.547025975,0.078822804,-0.276974545,-0.020840957,0.125003233,-0.003991223,0.002668952,-0.274289644,0.059424234,-0.097268113,0.068658333,-0.032433459,0.009432380,0.043810611
ccro_nubs_candidate,4.640000,0.033702632,-0.040778842,0.989289623,0.021906549,1.547140262,0.067886968,-0.274540989,-0.024692452,0.127693643,-0.005275411,0.003044981,-0.272484735,0.062245483,-0.095287999,0.065847606,-0.031769752,0.009367119,0.046430082
ccro_nubs_candidate,4.680000,0.022771531,-0.041842220,0.994449280,0.021670301,1.547269536,0.057025415,-0.271995569,-0.028462533,0.130269909,-0.006532322,0.003418166,-0.270575629,0.065017030,-0.093198077,0.062951901,-0.031069923,0.009290216,0.049020177
ccro_nubs_candidate,4.720000,0.011944451,-0.043054701,0.999709649,0.021384346,1.547413672,0.046242290,-0.269340317,-0.032146892,0.132728722,-0.007760543,0.003788044,-0.268563534,0.067736730,-0.091002657,0.059975766,-0.030335473,0.009201751,0.051579278
ccro_nubs_candidate,4.760000,0.001225742,-0.044412773,1.005065970,0.021049858,1.547572529,0.035541689,-0.266577350,-0.035741396,0.135066958,-0.008958718,0.004154153,-0.266449722,0.070402441,-0.088706050,0.056923748,-0.029567906,0.009101804,0.054105772
ccro_nubs_candidate,4.800000,-0.009380331,-0.045912762,1.010513359,0.020668066,1.547745948,0.024927651,-0.263708871,-0.039242084,0.137281671,-0.010125554,0.004516036,-0.264235529,0.073012020,-0.086312565,0.053800396,-0.028768725,0.008990456,0.056598042
ccro_nubs_candidate,4.840000,-0.019869592,-0.047550838,1.016046819,0.020240248,1.547933749,0.014404166,-0.260737166,-0.042645167,0.139370099,-0.011259815,0.004873239,-0.261922356,0.075563324,-0.083826511,0.050610257,-0.027939433,0.008867784,0.059054472
ccro_nubs_candidate,4.880000,-0.030237959,-0.049323026,1.021661248,0.019767731,1.548135738,0.003975163,-0.257664610,-0.045947028,0.141329662,-0.012360327,0.005225309,-0.259511670,0.078054210,-0.081252200,0.047357880,-0.027081533,0.008733870,0.061473448
ccro_nubs_candidate,4.920000,-0.040481448,-0.051225205,1.027351442,0.019251887,1.548351700,-0.006355488,-0.254493663,-0.049144224,0.143157960,-0.013425976,0.005571799,-0.257005001,0.080482534,-0.078593940,0.044047811,-0.026196527,0.008588792,0.063853353
ccro_nubs_candidate,4.960000,-0.050596174,-0.053253124,1.033112105,0.018694132,1.548581402,-0.016583979,-0.251226870,-0.052233481,0.144852778,-0.014455708,0.005912265,-0.254403945,0.082846155,-0.075856042,0.040684598,-0.025285920,0.008432631,0.066192573
ccro_nubs_candidate,5.000000,-0.060578355,-0.055402403,1.038937857,0.018095923,1.548824595,-0.026706567,-0.247866862,-0.055211703,0.146412080,-0.015448528,0.006246263,-0.251710160,0.085142928,-0.073042816,0.037272791,-0.024351213,0.008265465,0.068489491
ccro_nubs_candidate,5.040000,-0.070424317,-0.057668541,1.044823240,0.017458754,1.549081011,-0.036719578,-0.244416356,-0.058075960,0.147834014,-0.016403504,0.006573356,-0.248925371,0.087370711,-0.070158571,0.033816935,-0.023393909,0.008087376,0.070742493
ccro_nubs_candidate,5.080000,-0.080130494,-0.060046923,1.050762725,0.016784159,1.549350365,-0.046619407,-0.240878154,-0.060823499,0.149116909,-0.017319760,0.006893109,-0.246051367,0.089527360,-0.067207617,0.030321580,-0.022415512,0.007898442,0.072949962
ccro_nubs_candidate,5.120000,-0.089693438,-0.062532830,1.056750719,0.016073701,1.549632356,-0.056402523,-0.237255144,-0.063451737,0.150259275,-0.018196483,0.007205088,-0.243090002,0.091610733,-0.064194265,0.026791273,-0.021417525,0.007698743,0.075110283
ccro_nubs_candidate,5.160000,-0.099109815,-0.065121440,1.062781575,0.015328977,1.549926663,-0.066065468,-0.233550301,-0.065958265,0.151259805,-0.019032921,0.007508866,-0.240043195,0.093618687,-0.061122824,0.023230561,-0.020401449,0.007488358,0.077221841
ccro_nubs_candidate,5.200000,-0.108376412,-0.067807838,1.068849597,0.014551613,1.550232950,-0.075604865,-0.229766683,-0.068340846,0.152117375,-0.019828378,0.007804015,-0.236912927,0.095549078,-0.057997604,0.019643993,-0.019368790,0.007267368,0.079283020
ccro_nubs_candidate,5.240000,-0.117490141,-0.070587027,1.074949047,0.013743262,1.550550863,-0.085017417,-0.225907437,-0.070597414,0.152831040,-0.020582223,0.008090115,-0.233701246,0.097399764,-0.054822915,0.016036117,-0.018321048,0.007035852,0.081292204
ccro_nubs_candidate,5.280000,-0.126448041,-0.073453926,1.081074151,0.012905598,1.550880033,-0.094299908,-0.221975794,-0.072726077,0.153400041,-0.021293881,0.008366744,-0.230410265,0.099168601,-0.051603067,0.012411480,-0.017259728,0.006793890,0.083247779
ccro_nubs_candidate,5.320000,-0.135247283,-0.076403385,1.087219113,0.012040321,1.551220071,-0.103449210,-0.217975069,-0.074725115,0.153823796,-0.021962840,0.008633488,-0.227042161,0.100853447,-0.048342370,0.008774630,-0.016186331,0.006541561,0.085148128
ccro_nubs_candidate,5.360000,-0.143885171,-0.079430186,1.093378113,0.011149146,1.551570575,-0.112462282,-0.213908666,-0.076592979,0.154101909,-0.022588646,0.008889932,-0.223599173,0.102452158,-0.045045133,0.005130115,-0.015102362,0.006278946,0.086991636
ccro_nubs_candidate,5.400000,-0.152359147,-0.082529056,1.099545321,0.010233810,1.551931123,-0.121336176,-0.209780073,-0.078328296,0.154234163,-0.023170908,0.009135667,-0.220083609,0.103962592,-0.041715668,0.001482482,-0.014009323,0.006006123,0.088776688
ccro_nubs_candidate,5.440000,-0.160666795,-0.085694667,1.105714901,0.009296059,1.552301280,-0.130068035,-0.205592865,-0.079929861,0.154220526,-0.023709291,0.009370287,-0.216497839,0.105382605,-0.038358282,-0.002163720,-0.012908717,0.005723172,0.090501668
ccro_nubs_candidate,5.480000,-0.168805844,-0.088921647,1.111881020,0.008337655,1.552680592,-0.138655099,-0.201350699,-0.081396644,0.154061146,-0.024203524,0.009593387,-0.212844298,0.106710054,-0.034977288,-0.005803943,-0.011802047,0.005430173,0.092164960
ccro_nubs_candidate,5.520000,-0.176774169,-0.092204589,1.118037854,0.007360368,1.553068592,-0.147094708,-0.197057323,-0.082727786,0.153756351,-0.024653394,0.009804568,-0.209125486,0.107942797,-0.031576993,-0.009433640,-0.010690815,0.005127206,0.093764949
ccro_nubs_candidate,5.560000,-0.184569798,-0.095538053,1.124179596,0.006365977,1.553464793,-0.155384302,-0.192716567,-0.083922603,0.153306655,-0.025058749,0.010003432,-0.205343968,0.109078690,-0.028161709,-0.013048264,-0.009576526,0.004814351,0.095300020
ccro_nubs_candidate,5.600000,-0.192190914,-0.098916573,1.130300463,0.005356263,1.553868697,-0.163521425,-0.188332348,-0.084980581,0.152712752,-0.025419496,0.010189585,-0.201502372,0.110115590,-0.024735745,-0.016643265,-0.008460681,0.004491687,0.096768557
ccro_nubs_candidate,5.640000,-0.199635859,-0.102334670,1.136394705,0.004333013,1.554279786,-0.171503727,-0.183908668,-0.085901378,0.151975516,-0.025735603,0.010362637,-0.197603392,0.111051354,-0.021303412,-0.020214097,-0.007344784,0.004159293,0.098168944
ccro_nubs_candidate,5.680000,-0.206903136,-0.105786852,1.142456607,0.003298010,1.554697528,-0.179328968,-0.179449616,-0.086684826,0.151096007,-0.026007098,0.010522200,-0.193649786,0.111883840,-0.017869018,-0.023756211,-0.006230337,0.003817249,0.099499566
ccro_nubs_candidate,5.720000,-0.213991413,-0.109267625,1.148480505,0.002253038,1.555121377,-0.186995019,-0.174959367,-0.087330929,0.150075463,-0.026234069,0.010667889,-0.189644378,0.112610904,-0.014436874,-0.027265060,-0.005118844,0.003465636,0.100758808
ccro_nubs_candidate,5.760000,-0.220899526,-0.112771497,1.154460783,0.001199876,1.555550769,-0.194499866,-0.170442178,-0.087839864,0.148915306,-0.026416665,0.010799324,-0.185590055,0.113230403,-0.011011290,-0.030736096,-0.004011807,0.003104533,0.101945053
ccro_nubs_candidate,5.800000,-0.227626486,-0.116292989,1.160391889,0.000140294,1.555985127,-0.201841610,-0.165902397,-0.088211977,0.147617140,-0.026555093,0.010916126,-0.181489769,0.113740194,-0.007596576,-0.034164771,-0.002910730,0.002734018,0.103056687
ccro_nubs_candidate,5.840000,-0.234171476,-0.119826638,1.166268338,-0.000923946,1.556423859,-0.209018474,-0.161344454,-0.088447792,0.146182750,-0.026649623,0.011017921,-0.177346536,0.114138134,-0.004197041,-0.037546537,-0.001817115,0.002354173,0.104092094
ccro_nubs_candidate,5.880000,-0.240533860,-0.123367005,1.172084719,-0.001991095,1.556866356,-0.216028802,-0.156772866,-0.088548001,0.144614103,-0.026700582,0.011104337,-0.173163439,0.114422080,-0.000816996,-0.040876846,-0.000732466,0.001965077,0.105049658
ccro_nubs_candidate,5.920000,-0.246713185,-0.126908681,1.177835704,-0.003059417,1.557311996,-0.222871060,-0.152192236,-0.088513469,0.142913349,-0.026708359,0.011175005,-0.168943623,0.114589889,0.002539249,-0.044151151,0.000341716,0.001566809,0.105927765
ccro_nubs_candidate,5.960000,-0.252709181,-0.130446299,1.183516056,-0.004127194,1.557760142,-0.229543845,-0.147607252,-0.088345235,0.141082819,-0.026673404,0.011229560,-0.164690299,0.114639418,0.005867386,-0.047364904,0.001403926,0.001159449,0.106724797
ccro_nubs_candidate,6.000000,-0.258521770,-0.133974534,1.189120633,-0.005192726,1.558210141,-0.236045881,-0.143022689,-0.088044510,0.139125025,-0.026596225,0.011267641,-0.160406742,0.114568524,0.009163103,-0.050513556,0.002452662,0.000743077,0.107439140
ccro_nubs_candidate,6.040000,-0.264151066,-0.137488112,1.194644397,-0.006254336,1.558661328,-0.242376025,-0.138443397,-0.087612680,0.137042665,-0.026477391,0.011288890,-0.156096292,0.114375783,0.012421791,-0.053592366,0.003486385,0.000318010,0.108069163
ccro_nubs_candidate,6.080000,-0.269597377,-0.140981821,1.200082424,-0.007310370,1.559113024,-0.248533271,-0.133874231,-0.087051338,0.134838641,-0.026317537,0.011292983,-0.151762356,0.114062647,0.015637648,-0.056595806,0.004503412,-0.000114478,0.108613168
ccro_nubs_candidate,6.120000,-0.274861203,-0.144450517,1.205429908,-0.008359202,1.559564535,-0.254516747,-0.129319962,-0.086362321,0.132516081,-0.026117364,0.011279653,-0.147408408,0.113631287,0.018804568,-0.059518158,0.005502025,-0.000552879,0.109069443
ccro_nubs_candidate,6.160000,-0.279943235,-0.147889132,1.210682175,-0.009399232,1.560015161,-0.260325724,-0.124785276,-0.085547707,0.130078345,-0.025877643,0.011248694,-0.143037993,0.113083874,0.021916449,-0.062353699,0.006480505,-0.000995681,0.109436275
ccro_nubs_candidate,6.200000,-0.284844348,-0.151292689,1.215834688,-0.010428897,1.560464193,-0.265959615,-0.120274771,-0.084609820,0.127529019,-0.025599215,0.011199960,-0.138654722,0.112422579,0.024967186,-0.065096708,0.007437133,-0.001441375,0.109711952
ccro_nubs_candidate,6.240000,-0.289565599,-0.154656308,1.220883059,-0.011446665,1.560910919,-0.271417979,-0.115792959,-0.083551228,0.124871919,-0.025282987,0.011133365,-0.134262275,0.111649573,0.027950678,-0.067741466,0.008370190,-0.001888449,0.109894760
ccro_nubs_candidate,6.280000,-0.294108226,-0.157975216,1.225823058,-0.012451045,1.561354624,-0.276700525,-0.111344265,-0.082374744,0.122111088,-0.024929937,0.011048885,-0.129864402,0.110767028,0.030860819,-0.070282252,0.009277958,-0.002335394,0.109982988
ccro_nubs_candidate,6.320000,-0.298473640,-0.161244756,1.230650620,-0.013440583,1.561794592,-0.281807110,-0.106933028,-0.081083422,0.119250801,-0.024541110,0.010946556,-0.125464920,0.109777113,0.033691507,-0.072713344,0.010158718,-0.002780699,0.109974922
ccro_nubs_candidate,6.360000,-0.302663425,-0.164460402,1.235361856,-0.014413871,1.562230112,-0.286737749,-0.102563499,-0.079680564,0.116295560,-0.024117622,0.010826471,-0.121067715,0.108682001,0.036436639,-0.075029022,0.011010752,-0.003222855,0.109868849
ccro_nubs_candidate,6.400000,-0.306679332,-0.167617761,1.239953062,-0.015369547,1.562660475,-0.291492610,-0.098239842,-0.078169713,0.113250095,-0.023660656,0.010688789,-0.116676742,0.107483862,0.039090110,-0.077223565,0.011832340,-0.003660350,0.109663058
ccro_nubs_candidate,6.440000,-0.310523278,-0.170712590,1.244420727,-0.016306294,1.563084983,-0.296072025,-0.093966135,-0.076554659,0.110119366,-0.023171464,0.010533726,-0.112296023,0.106184868,0.041645817,-0.079291252,0.012621764,-0.004091674,0.109355835
ccro_nubs_candidate,6.480000,-0.314197342,-0.173740798,1.248761543,-0.017222852,1.563502945,-0.300476483,-0.089746368,-0.074839433,0.106908562,-0.022651367,0.010361558,-0.107929650,0.104787188,0.044097658,-0.081226363,0.013377305,-0.004515317,0.108945468
ccro_nubs_candidate,6.520000,-0.317703759,-0.176698466,1.252972416,-0.018118010,1.563913684,-0.304706643,-0.085584446,-0.073028312,0.103623101,-0.022101754,0.010172623,-0.103581784,0.103292996,0.046439527,-0.083023176,0.014097245,-0.004929769,0.108430243
ccro_nubs_candidate,6.560000,-0.321044920,-0.179581845,1.257050471,-0.018990618,1.564316537,-0.308763329,-0.081484186,-0.071125818,0.100268628,-0.021524085,0.009967319,-0.099256652,0.101704460,0.048665323,-0.084675971,0.014779865,-0.005333519,0.107808449
ccro_nubs_candidate,6.600000,-0.324223366,-0.182387376,1.260993064,-0.019839583,1.564710857,-0.312647536,-0.077449318,-0.069136716,0.096851020,-0.020919886,0.009746104,-0.094958551,0.100023754,0.050768942,-0.086179028,0.015423445,-0.005725057,0.107078372
ccro_nubs_candidate,6.640000,-0.327241786,-0.185111694,1.264797792,-0.020663876,1.565096020,-0.316360432,-0.073483486,-0.067066013,0.093376379,-0.020290753,0.009509497,-0.090691848,0.098253047,0.052744279,-0.087526624,0.016026269,-0.006102872,0.106238300
ccro_nubs_candidate,6.680000,-0.330103012,-0.187751639,1.268462499,-0.021462533,1.565471420,-0.319903362,-0.069590246,-0.064918965,0.089851039,-0.019638350,0.009258078,-0.086460977,0.096394510,0.054585232,-0.088713040,0.016586616,-0.006465455,0.105286520
ccro_nubs_candidate,6.720000,-0.332810019,-0.190304267,1.271985287,-0.022234657,1.565836477,-0.323277848,-0.065773067,-0.062701068,0.086281561,-0.018964413,0.008992484,-0.082270439,0.094450315,0.056285698,-0.089732555,0.017102768,-0.006811295,0.104221320
ccro_nubs_candidate,6.760000,-0.335365917,-0.192766856,1.275364525,-0.022979423,1.566190639,-0.326485595,-0.062035334,-0.060418064,0.082674736,-0.018270741,0.008713417,-0.078124806,0.092422633,0.057839572,-0.090579448,0.017573006,-0.007138881,0.103040986
ccro_nubs_candidate,6.800000,-0.337773949,-0.195136923,1.278598861,-0.023696078,1.566533381,-0.329528493,-0.058380341,-0.058075938,0.079037583,-0.017559207,0.008421637,-0.074028718,0.090313635,0.059240751,-0.091247999,0.017995612,-0.007446704,0.101743806
ccro_nubs_candidate,6.840000,-0.340037490,-0.197412226,1.281687224,-0.024383947,1.566864211,-0.332408616,-0.054811298,-0.055680921,0.075377350,-0.016831750,0.008117965,-0.069986883,0.088125491,0.060483132,-0.091732485,0.018368868,-0.007733253,0.100328067
ccro_nubs_candidate,6.880000,-0.342160041,-0.199590778,1.284628841,-0.025042433,1.567182671,-0.335128231,-0.051331328,-0.053239486,0.071701515,-0.016090379,0.007803281,-0.066004076,0.085860373,0.061560612,-0.092027187,0.018691053,-0.007997017,0.098792057
ccro_nubs_candidate,6.920000,-0.344145225,-0.201670856,1.287423240,-0.025671019,1.567488339,-0.337689794,-0.047943466,-0.050758352,0.068017782,-0.015337170,0.007478527,-0.062085145,0.083520452,0.062467087,-0.092126384,0.018960450,-0.008236486,0.097134063
ccro_nubs_candidate,6.960000,-0.345996786,-0.203651010,1.290070264,-0.026269277,1.567780832,-0.340095959,-0.044650660,-0.048244481,0.064334087,-0.014574270,0.007144706,-0.058235001,0.081107899,0.063196453,-0.092024355,0.019175339,-0.008450151,0.095352372
ccro_nubs_candidate,7.000000,-0.347718583,-0.205530074,1.292570076,-0.026836861,1.568059809,-0.342349578,-0.041455773,-0.045705079,0.060658593,-0.013803892,0.006802880,-0.054458627,0.078624885,0.063742607,-0.091715380,0.019334003,-0.008636500,0.093445271
ccro_nubs_candidate,7.040000,-0.349314590,-0.207307175,1.294923172,-0.027373519,1.568324971,-0.344453700,-0.038361580,-0.043147596,0.056999692,-0.013028322,0.006454170,-0.050761074,0.076073581,0.064099446,-0.091193736,0.019434723,-0.008794023,0.091411049
ccro_nubs_candidate,7.080000,-0.350788888,-0.208981743,1.297130388,-0.027879089,1.568576067,-0.346411583,-0.035370768,-0.040579729,0.053366006,-0.012249910,0.006099762,-0.047147461,0.073456158,0.064260866,-0.090453705,0.019475779,-0.008921210,0.089247991
ccro_nubs_candidate,7.120000,-0.352145665,-0.210553520,1.299192907,-0.028353506,1.568812893,-0.348226686,-0.032485940,-0.038009414,0.049766384,-0.011471078,0.005740898,-0.043622975,0.070774787,0.064220764,-0.089489564,0.019455453,-0.009016551,0.086954385
ccro_nubs_candidate,7.160000,-0.353389210,-0.212022572,1.301112273,-0.028796803,1.569035296,-0.349902679,-0.029709609,-0.035444836,0.046209905,-0.010694315,0.005378883,-0.040192873,0.068031640,0.063973036,-0.088295594,0.019372026,-0.009078535,0.084528520
ccro_nubs_candidate,7.200000,-0.354523913,-0.213389296,1.302890399,-0.029209113,1.569243179,-0.351443445,-0.027044203,-0.032894421,0.042705877,-0.009922180,0.005015080,-0.036862480,0.065228886,0.063511579,-0.086866072,0.019223780,-0.009105653,0.081968681
ccro_nubs_candidate,7.240000,-0.355554257,-0.214654430,1.304529570,-0.029590674,1.569436498,-0.352853079,-0.024492064,-0.030366841,0.039263836,-0.009157300,0.004650916,-0.033637188,0.062368698,0.062830289,-0.085195280,0.019008996,-0.009096392,0.079273156
ccro_nubs_candidate,7.280000,-0.356484818,-0.215819066,1.306032462,-0.029941830,1.569615268,-0.354135894,-0.022055444,-0.027871010,0.035893548,-0.008402371,0.004287874,-0.030522459,0.059453246,0.061923063,-0.083277495,0.018725956,-0.009049244,0.076440233
ccro_nubs_candidate,7.320000,-0.357320261,-0.216884656,1.307402144,-0.030263033,1.569779563,-0.355296423,-0.019736512,-0.025416089,0.032605006,-0.007660157,0.003927501,-0.027523824,0.056484701,0.060783798,-0.081106997,0.018372939,-0.008962698,0.073468199
ccro_nubs_candidate,7.360000,-0.358065336,-0.217853024,1.308642089,-0.030554850,1.569929525,-0.356339422,-0.017537347,-0.023011482,0.029408434,-0.006933491,0.003571404,-0.024646881,0.053465234,0.059406390,-0.078678065,0.017948229,-0.008835244,0.070355341
ccro_nubs_candidate,7.400000,-0.358724873,-0.218726374,1.309756184,-0.030817959,1.570065355,-0.357269872,-0.015459943,-0.020666835,0.026314283,-0.006225277,0.003221247,-0.021897297,0.050397017,0.057784735,-0.075984979,0.017450106,-0.008665371,0.067099946
ccro_nubs_candidate,7.440000,-0.359303780,-0.219507302,1.310748739,-0.031053157,1.570187327,-0.358092981,-0.013506207,-0.018392041,0.023333234,-0.005538485,0.002878760,-0.019280809,0.047282221,0.055912730,-0.073022017,0.016876851,-0.008451568,0.063700302
ccro_nubs_candidate,7.480000,-0.359807042,-0.220198804,1.311624496,-0.031261363,1.570295782,-0.358814189,-0.011677958,-0.016197236,0.020476196,-0.004876154,0.002545728,-0.016803219,0.044123016,0.053784272,-0.069783460,0.016226746,-0.008192327,0.060154696
ccro_nubs_candidate,7.520000,-0.360239713,-0.220804286,1.312388637,-0.031443617,1.570391136,-0.359439169,-0.009976929,-0.014092800,0.017754308,-0.004241392,0.002224000,-0.014470402,0.040921573,0.051393258,-0.066263585,0.015498072,-0.007886136,0.056461416
ccro_nubs_candidate,7.560000,-0.360606915,-0.221327574,1.313046794,-0.031601085,1.570473878,-0.359973830,-0.008404766,-0.012089357,0.015178937,-0.003637378,0.001915483,-0.012288298,0.037680064,0.048733583,-0.062456672,0.014689111,-0.007531484,0.052618748
ccro_nubs_candidate,7.600000,-0.360913834,-0.221772926,1.313605060,-0.031735061,1.570544577,-0.360424322,-0.006963029,-0.010197777,0.012761678,-0.003067357,0.001622147,-0.010262917,0.034400660,0.045799144,-0.058357001,0.013798143,-0.007126862,0.048624980
ccro_nubs_candidate,7.640000,-0.361165716,-0.222145036,1.314069994,-0.031846971,1.570603879,-0.360797034,-0.005653190,-0.008429171,0.010514356,-0.002534643,0.001346021,-0.008400337,0.031085531,0.042583839,-0.053958851,0.012823450,-0.006670760,0.044478399
ccro_nubs_candidate,7.680000,-0.361367866,-0.222449050,1.314448635,-0.031938375,1.570652516,-0.361098602,-0.004476634,-0.006794896,0.008449026,-0.002042620,0.001089193,-0.006706705,0.027736849,0.039081563,-0.049256501,0.011763313,-0.006161666,0.040177293
ccro_nubs_candidate,7.720000,-0.361525641,-0.222690573,1.314748506,-0.032010969,1.570691300,-0.361335906,-0.003434660,-0.005306553,0.006577968,-0.001594740,0.000853814,-0.005188237,0.024356785,0.035286213,-0.044244229,0.010616014,-0.005598071,0.035719948
ccro_nubs_candidate,7.760000,-0.361644449,-0.222875678,1.314977629,-0.032066589,1.570721136,-0.361516080,-0.002528481,-0.003975988,0.004913696,-0.001194524,0.000642094,-0.003851216,0.020947510,0.031191685,-0.038916316,0.009379833,-0.004978465,0.031104653
ccro_nubs_candidate,7.800000,-0.361729745,-0.223010917,1.315144529,-0.032107214,1.570743014,-0.361646507,-0.001759220,-0.002815289,0.003468948,-0.000845562,0.000456304,-0.002701994,0.017511194,0.026791877,-0.033267041,0.008053053,-0.004301336,0.026329694
ccro_nubs_candidate,7.840000,-0.361787026,-0.223103331,1.315258245,-0.032134966,1.570758017,-0.361734829,-0.001127917,-0.001836790,0.002256694,-0.000551511,0.000298774,-0.001746992,0.014050009,0.022080684,-0.027290682,0.006633955,-0.003565175,0.021393358
ccro_nubs_candidate,7.880000,-0.361821831,-0.223160457,1.315328340,-0.032152117,1.570767324,-0.361788943,-0.000635522,-0.001053067,0.001290131,-0.000316099,0.000171897,-0.000992699,0.010566126,0.017052003,-0.020981520,0.005120819,-0.002768471,0.016293934
ccro_nubs_candidate,7.920000,-0.361839732,-0.223190344,1.315364910,-0.032161087,1.570772210,-0.361817008,-0.000282900,-0.000476944,0.000582686,-0.000143122,0.000078124,-0.000445674,0.007061717,0.011699731,-0.014333832,0.003511927,-0.001909714,0.011029708
ccro_nubs_candidate,7.960000,-0.361846337,-0.223201555,1.315378592,-0.032164451,1.570774049,-0.361827449,-0.000070829,-0.000121485,0.000148014,-0.000036445,0.000019967,-0.000112543,0.003538951,0.006017765,-0.007341899,0.001805560,-0.000987394,0.005598968
ccro_nubs_candidate,8.000000,-0.361847281,-0.223203182,1.315380573,-0.032164939,1.570774317,-0.361828953,0.000000000,0.000000000,0.000000000,0.000000000,0.000000000,0.000000000,0.000000000,0.000000000,-0.000000000,0.000000000,-0.000000000,0.000000000
