frame,t_s,track_id,age,center_x,center_y,center_z,instant_speed_m_s,window_speed_m_s,median_speed_m_s,raw_cluster_speed_m_s,window_velocity_x_m_s,window_velocity_y_m_s,window_velocity_z_m_s,cluster_radius_raw_m,tracked_radius_m,risk_radius_m,raw_radius_m,association_error_m,valid_streak,dynamic_state,prediction_ready,dynamic_valid,block_reason
1,0.202314,1,1,-0.029739,-0.517064,0.047407,0.000000,0.000000,0.000000,,0.000000,0.000000,0.000000,0.061404,0.073017,0.128017,0.061404,0.009068,0,0,0,0,"age_ok,speed_history_ready,speed_ok,valid_streak_not_ready"
1,0.202314,2,1,0.140421,-0.636255,0.199325,0.000000,0.000000,0.000000,,0.000000,0.000000,0.000000,0.110981,0.127212,0.182212,0.110981,0.025099,0,0,0,0,"age_ok,speed_history_ready,speed_ok,valid_streak_not_ready"
2,0.339530,1,2,-0.018294,-0.494447,0.050188,0.015032,0.167025,0.167025,0.084868,0.074966,0.148140,0.018215,0.060094,0.075235,0.130235,0.060094,0.013773,0,0,0,0,"age_ok,speed_history_ready,speed_ok,valid_streak_not_ready"
3,0.477992,1,3,-0.030654,-0.505027,0.054856,0.000000,0.049097,0.049097,0.081198,-0.003166,0.041662,0.025783,0.062776,0.072227,0.127227,0.062776,0.011697,0,0,0,0,"speed_history_ready,speed_ok,valid_streak_not_ready"
4,0.615616,1,4,-0.008572,-0.510906,0.075779,0.021271,0.084728,0.084728,0.151909,0.049915,0.014521,0.066905,0.083384,0.098588,0.153588,0.083384,0.022066,0,0,0,0,"speed_history_ready,speed_ok,valid_streak_not_ready"
5,0.756759,1,5,-0.025489,-0.512526,0.063291,0.000000,0.030133,0.030133,0.072014,0.007509,0.008015,0.028060,0.063973,0.080232,0.135232,0.063973,0.009791,0,0,0,0,"speed_ok,valid_streak_not_ready"
6,0.898625,1,6,0.057174,-0.466090,0.120473,0.072771,0.194675,0.194675,0.657925,0.137363,0.051613,0.127928,0.173377,0.199676,0.254676,0.173377,0.029376,1,1,1,0,valid_streak_not_ready
7,1.039915,3,1,-0.057243,-0.510285,0.074994,0.000000,0.000000,0.000000,,0.000000,0.000000,0.000000,0.085872,0.101665,0.156665,0.085872,0.009856,0,0,0,0,"age_ok,speed_history_ready,speed_ok,valid_streak_not_ready"
8,1.166353,3,2,-0.046231,-0.531705,0.091208,0.019208,0.213423,0.213423,0.081918,0.080947,-0.157450,0.119190,0.091111,0.105199,0.160199,0.091111,0.012418,0,0,0,0,"age_ok,speed_history_ready,speed_ok,valid_streak_not_ready"
9,1.309718,3,3,-0.061208,-0.520465,0.107365,0.028476,0.125325,0.125325,0.213751,-0.014542,-0.037340,0.118746,0.061745,0.091211,0.146211,0.061745,0.009012,0,0,0,0,"speed_history_ready,speed_ok,valid_streak_not_ready"
10,1.441152,3,4,-0.118526,-0.539464,0.118286,0.060887,0.197650,0.197650,0.301359,-0.150455,-0.071636,0.106288,0.059582,0.085034,0.140034,0.059582,0.016482,0,0,0,0,"speed_history_ready,speed_ok,valid_streak_not_ready"
12,1.706502,3,5,-0.038234,-0.509669,0.108459,0.036558,0.056918,0.056918,0.215162,0.028109,0.000912,0.049485,0.106360,0.140757,0.195757,0.106360,0.018866,0,0,0,0,"speed_ok,valid_streak_not_ready"
13,1.841836,3,6,-0.041738,-0.510276,0.118337,0.033478,0.051738,0.051738,0.038282,0.006669,0.031803,0.040261,0.098363,0.120230,0.175230,0.098363,0.019067,0,0,0,0,"speed_ok,valid_streak_not_ready"
15,2.113522,3,7,-0.119239,-0.529957,0.078106,0.023804,0.081383,0.081383,0.271145,-0.071906,-0.011762,-0.036254,0.062272,0.101648,0.156648,0.062272,0.017490,1,1,1,0,valid_streak_not_ready
17,2.373616,3,8,-0.155514,-0.519963,0.102984,0.042064,0.047634,0.047634,0.120796,-0.039570,0.020862,-0.016371,0.063728,0.091444,0.146444,0.063728,0.004621,2,1,1,1,
18,2.511394,3,9,-0.196913,-0.511761,0.090554,0.091874,0.198791,0.198791,0.142081,-0.197520,-0.002605,-0.022287,0.061556,0.083413,0.138413,0.061556,0.023605,3,1,1,1,
20,2.785079,3,10,-0.190701,-0.522447,0.087926,0.084672,0.161874,0.161874,0.056815,-0.158097,-0.012918,-0.032275,0.060564,0.078393,0.133393,0.060564,0.006195,4,1,1,1,
27,3.699427,4,1,-0.267661,-0.527760,0.072851,0.000000,0.000000,0.000000,,0.000000,0.000000,0.000000,0.064831,0.078535,0.133535,0.064831,0.015721,0,0,0,0,"age_ok,speed_history_ready,speed_ok,valid_streak_not_ready"
30,4.087150,4,2,-0.341455,-0.542749,0.033731,0.019778,0.219751,0.219751,0.230155,-0.191103,-0.038816,-0.101307,0.083822,0.096194,0.151194,0.083822,0.012384,0,0,0,0,"age_ok,speed_history_ready,speed_ok,valid_streak_not_ready"
37,4.997487,5,1,-0.403926,-0.538769,0.005724,0.000000,0.000000,0.000000,,0.000000,0.000000,0.000000,0.082841,0.097453,0.152453,0.082841,0.003110,0,0,0,0,"age_ok,speed_history_ready,speed_ok,valid_streak_not_ready"
39,5.263513,6,1,0.753938,-0.339867,0.396709,0.000000,0.000000,0.000000,,0.000000,0.000000,0.000000,0.142746,0.174765,0.229765,0.142746,0.031728,0,0,0,0,"age_ok,speed_history_ready,speed_ok,valid_streak_not_ready"
40,5.399371,6,2,0.737372,-0.358390,0.400391,0.016430,0.182555,0.182555,0.115595,-0.120379,-0.134608,0.026753,0.142381,0.173502,0.228502,0.142381,0.037261,0,0,0,0,"age_ok,speed_history_ready,speed_ok,valid_streak_not_ready"
41,5.540907,6,3,0.717292,-0.349060,0.395360,0.030236,0.137105,0.137105,0.118646,-0.132899,-0.033340,-0.004894,0.143987,0.173834,0.228834,0.143987,0.036759,0,0,0,0,"speed_history_ready,speed_ok,valid_streak_not_ready"
42,5.675719,6,4,0.717399,-0.356550,0.394727,0.037015,0.097256,0.097256,0.080626,-0.088363,-0.040346,-0.004792,0.141156,0.171813,0.226813,0.141156,0.028544,0,0,0,0,"speed_history_ready,speed_ok,valid_streak_not_ready"
43,5.811315,6,5,0.702550,-0.362495,0.394474,0.047951,0.102489,0.102489,0.082816,-0.093724,-0.041270,-0.004076,0.144875,0.171946,0.226946,0.144875,0.033721,1,1,1,0,valid_streak_not_ready
44,5.953955,6,6,0.686884,-0.363108,0.388525,0.058284,0.094619,0.094619,0.114068,-0.091730,-0.008572,-0.021557,0.141147,0.167240,0.222240,0.141147,0.038777,2,1,1,1,
45,6.094663,6,7,0.678763,-0.367175,0.390272,0.063542,0.077421,0.077421,0.129400,-0.069568,-0.032709,-0.009186,0.139557,0.171240,0.226240,0.139557,0.032179,3,1,1,1,
46,6.227521,6,8,0.664660,-0.362186,0.385760,0.069970,0.097959,0.097959,0.106622,-0.096041,-0.010262,-0.016331,0.141812,0.187256,0.242256,0.141812,0.029397,4,1,1,1,
47,6.375143,6,9,0.666491,-0.362075,0.391760,0.064283,0.064964,0.064964,0.056976,-0.064776,0.000754,-0.004877,0.140871,0.174162,0.229162,0.140871,0.021380,5,1,1,1,
48,6.501966,6,10,0.652119,-0.360289,0.386890,0.066077,0.063365,0.063365,0.121430,-0.063088,0.005117,-0.002967,0.136899,0.173790,0.228790,0.136899,0.026179,6,1,1,1,
49,6.627988,6,11,0.634367,-0.360690,0.384760,0.074922,0.084481,0.084481,0.138726,-0.082970,0.012120,-0.010302,0.144386,0.184025,0.239025,0.144386,0.025773,7,1,1,1,
50,6.768777,6,12,0.617009,-0.369133,0.390547,0.081615,0.089179,0.089179,0.116266,-0.087813,-0.012802,0.008822,0.144293,0.183608,0.238608,0.144293,0.030049,8,1,1,1,
51,6.904144,6,13,0.615679,-0.361800,0.375529,0.079301,0.099104,0.099104,0.124817,-0.094403,0.000511,-0.030155,0.144027,0.189676,0.244676,0.144027,0.020113,9,1,1,1,
52,7.045291,6,14,0.596471,-0.376546,0.384745,0.083555,0.106786,0.106786,0.139550,-0.102432,-0.029924,-0.003948,0.139787,0.179574,0.234574,0.139787,0.027790,10,1,1,1,
53,7.188471,6,15,0.567204,-0.374532,0.381480,0.096590,0.123018,0.123018,0.138262,-0.120348,-0.024803,-0.005876,0.138290,0.172572,0.227572,0.138290,0.035901,11,1,1,1,
54,7.328400,6,16,0.564638,-0.375018,0.380360,0.095631,0.095886,0.095886,0.103006,-0.093554,-0.010513,-0.018198,0.141283,0.183805,0.238805,0.141283,0.026171,12,1,1,1,
55,7.468462,6,17,0.561267,-0.368572,0.378096,0.088480,0.097464,0.097464,0.083994,-0.096612,-0.012025,0.004557,0.139921,0.175601,0.230601,0.139921,0.018138,13,1,1,1,
56,7.609307,6,18,0.547084,-0.380847,0.378873,0.087289,0.088710,0.088710,0.048725,-0.087762,-0.007644,-0.010435,0.141861,0.174167,0.229167,0.141861,0.027906,14,1,1,1,
57,7.747847,6,19,0.550657,-0.370087,0.373373,0.075990,0.033704,0.033704,0.023922,-0.029422,0.007904,-0.014416,0.142272,0.178543,0.233543,0.142272,0.025997,15,1,1,1,
58,7.875796,6,20,0.547369,-0.372886,0.371339,0.067439,0.035767,0.035767,0.040489,-0.031514,0.003891,-0.016462,0.142650,0.177641,0.232641,0.142650,0.028197,16,1,1,1,
59,8.005380,6,21,0.550929,-0.376290,0.378161,0.000000,0.024386,0.024386,0.022410,-0.019541,-0.014588,0.000124,0.139175,0.180146,0.235146,0.139175,0.020508,0,0,0,0,"speed_ok,valid_streak_not_ready"
