frame,t_s,timestamp,scene_points,robot_points,cluster_count,stable_track_count,risk_sphere_count,nearest_distance_m,nearest_link,nearest_cluster_index,nearest_cluster_x,nearest_cluster_y,nearest_cluster_z,predicted_distance_m,predicted_nearest_link,predicted_tau_s,predicted_object_id,trigger_block_reason,reference_state,reference_armed,reference_index,reference_index_step,reference_step_clamped,reference_time_s,reference_tcp_y_m,reference_actual_y_error_m,reference_joint_match_max_rad,reference_future_time_s,reference_future_index,reference_future_delta_q_max_rad,predicted_object_speed_m_s,predicted_object_velocity_x_m_s,predicted_object_velocity_y_m_s,predicted_object_velocity_z_m_s,predicted_object_radius_m,predicted_object_age,predicted_object_association_error_m,dynamic_object_prediction_ready,dynamic_object_valid,dynamic_object_block_reason,risk_state_current,risk_state_predicted,max_track_speed_m_s,motion_y_m,guard_distance_m,guard_object_id,guard_in_motion_direction,guard_speed_scale,guard_decision,guard_cluster_count,guard_robot_points_source,guard_robot_points_count,elapsed_ms,q1_rad,q2_rad,q3_rad,q4_rad,q5_rad,q6_rad,qd1_rad_s,qd2_rad_s,qd3_rad_s,qd4_rad_s,qd5_rad_s,qd6_rad_s
0,0.140359,1786433352.473022,0,50000,0,0,0,,,,,,,,,,,reference_not_armed,WAIT_REFERENCE_START,0,0,0,0,0.000000,0.399997,0.590997,0.869855,0.000000,0,,,,,,,,,0,0,,SAFE,SAFE,,0.000000,,,1,1.000000,SAFE,0,current,50000,141.6603,0.00000000,0.00000367,1.57080007,0.00000000,1.57079637,0.00000000,0.00000000,0.00000000,0.00000000,0.00000000,0.00000000,0.00000000
1,0.249738,1786433352.614720,2703,50000,0,0,0,,,,,,,,,,,reference_not_armed,WAIT_REFERENCE_START,0,0,0,0,0.000000,0.399997,0.590997,0.869855,0.000000,0,,,,,,,,,0,0,,SAFE,SAFE,,0.000000,,,1,1.000000,SAFE,0,current,50000,164.4832,0.00000000,-0.00005135,1.57078898,-0.00003301,1.57079637,0.00000000,0.00000000,-0.00050302,-0.00010136,-0.00030181,0.00000000,0.00000000
2,0.387530,1786433352.779228,2729,50000,0,0,0,,,,,,,,,,,reference_not_armed,WAIT_REFERENCE_START,0,0,0,0,0.000000,0.399997,0.590997,0.869855,0.000000,0,,,,,,,,,0,0,,SAFE,SAFE,,0.000000,,,1,1.000000,SAFE,0,current,50000,126.4316,0.00000000,-0.00251627,1.56840479,-0.00174231,1.57079637,0.00000000,0.00000000,-0.01788863,-0.01730275,-0.01240491,0.00000000,0.00000000
3,0.510768,1786433352.905703,2683,50000,0,0,0,,,,,,,,,,,reference_not_armed,WAIT_REFERENCE_START,0,0,0,0,0.000000,0.399997,0.590997,0.869855,0.000000,0,,,,,,,,,0,0,,SAFE,SAFE,,0.000000,,,1,1.000000,SAFE,0,current,50000,128.8035,0.00000000,-0.01029249,1.56046355,-0.00421456,1.57079637,0.00000000,0.00000000,-0.06309943,-0.06443851,-0.02006085,0.00000000,0.00000000
4,0.640191,1786433353.034524,2743,50000,0,0,0,,,,,,,,,,,reference_not_armed,WAIT_REFERENCE_START,0,0,0,0,0.000000,0.399997,0.590997,0.869855,0.000000,0,,,,,,,,,0,0,,SAFE,SAFE,,0.000000,,,1,1.000000,SAFE,0,current,50000,129.2812,0.00000000,-0.02544878,1.54533648,-0.00657677,1.57079637,0.00000000,0.00000000,-0.11710686,-0.11688102,-0.01825189,0.00000000,0.00000000
5,0.770926,1786433353.163820,2692,50000,0,0,0,,,,,,,,,,,reference_not_armed,WAIT_REFERENCE_START,0,0,0,0,0.000000,0.399997,0.590997,0.869855,0.000000,0,,,,,,,,,0,0,,SAFE,SAFE,,0.000000,,,1,1.000000,SAFE,0,current,50000,132.3388,0.00000000,-0.04727721,1.52289188,-0.00900868,1.57079637,0.00000000,0.00000000,-0.16696633,-0.17167945,-0.01860169,0.00000000,0.00000000
6,0.900243,1786433353.296174,2736,50000,0,0,0,,,,,,,,,,,reference_not_armed,WAIT_REFERENCE_START,0,0,0,0,0.000000,0.399997,0.590997,0.869855,0.000000,0,,,,,,,,,0,0,,SAFE,SAFE,,0.000000,,,1,1.000000,SAFE,0,current,50000,130.0067,0.00000000,-0.07295341,1.49345958,-0.01144791,1.57079637,0.00000000,0.00000000,-0.19855242,-0.22759810,-0.01886247,0.00000000,0.00000000
7,1.032694,1786433353.426210,2803,50000,0,0,0,,,,,,,,,,,reference_not_armed,WAIT_REFERENCE_START,0,0,0,0,0.000000,0.399997,0.590997,0.869855,0.000000,0,,,,,,,,,0,0,,SAFE,SAFE,,0.000000,,,1,1.000000,SAFE,0,current,50000,129.3923,0.00000000,-0.09931920,1.45929563,-0.01379912,1.57079637,0.00000000,0.00000000,-0.19906156,-0.25793767,-0.01775160,0.00000000,0.00000000
8,1.162135,1786433353.555619,2714,50000,0,0,0,,,,,,,,,,,reference_not_armed,WAIT_REFERENCE_START,0,0,0,0,0.000000,0.399997,0.590997,0.869855,0.000000,0,,,,,,,,,0,0,,SAFE,SAFE,,0.000000,,,1,1.000000,SAFE,0,current,50000,130.2201,0.00000000,-0.12572166,1.42420733,-0.01623102,1.57079637,0.00000000,0.00000000,-0.20397250,-0.27107499,-0.01878769,0.00000000,0.00000000
9,1.289990,1786433353.685855,2747,50000,0,0,0,,,,,,,,,,,reference_not_armed,WAIT_REFERENCE_START,0,0,0,0,0.000000,0.399997,0.590997,0.869855,0.000000,0,,,,,,,,,0,0,,SAFE,SAFE,,0.000000,,,1,1.000000,SAFE,0,current,50000,130.1052,0.00000000,-0.15209112,1.39193964,-0.01862991,1.57079637,0.00000000,0.00000000,-0.20624534,-0.25237766,-0.01876261,0.00000000,0.00000000
10,1.422295,1786433353.815976,2714,50000,0,0,0,,,,,,,,,,,reference_not_armed,WAIT_REFERENCE_START,0,0,0,0,0.000000,0.399997,0.590997,0.869855,0.000000,0,,,,,,,,,0,0,,SAFE,SAFE,,0.000000,,,1,1.000000,SAFE,0,current,50000,128.8071,0.00000000,-0.17623040,1.36608005,-0.02098112,1.57079637,0.00000000,0.00000000,-0.18245127,-0.19545384,-0.01777105,0.00000000,0.00000000
11,1.550240,1786433353.944798,2697,50000,0,0,0,,,,,,,,,,,reference_not_armed,WAIT_REFERENCE_START,0,0,0,0,0.000000,0.399997,0.590997,0.869855,0.000000,0,,,,,,,,,0,0,,SAFE,SAFE,,0.000000,,,1,1.000000,SAFE,0,current,50000,121.4614,0.00000000,-0.19460356,1.34767389,-0.02346804,1.57079637,0.00000000,0.00000000,-0.14360255,-0.14386040,-0.01943751,0.00000000,0.00000000
12,1.683430,1786433354.066298,2753,50000,0,0,0,,,,,,,,,,,reference_not_armed,WAIT_REFERENCE_START,0,0,0,0,0.000000,0.399997,0.590997,0.869855,0.000000,0,,,,,,,,,0,0,,SAFE,SAFE,,0.000000,,,1,1.000000,SAFE,0,current,50000,134.6671,0.00000000,-0.20553428,1.33672488,-0.02578624,1.57079637,0.00000000,0.00000000,-0.08206836,-0.08220575,-0.01740510,0.00000000,0.00000000
13,1.811633,1786433354.200980,2666,50000,0,0,0,,,,,,,,,,,reference_not_armed,WAIT_REFERENCE_START,0,0,0,0,0.000000,0.399997,0.590998,0.869855,0.000000,0,,,,,,,,,0,0,,SAFE,SAFE,,0.000000,,,1,1.000000,SAFE,0,current,50000,124.4995,0.00000000,-0.20962779,1.33257258,-0.02803107,1.57079256,0.00000000,0.00000000,-0.03192999,-0.03238852,-0.01751004,-0.00002976,0.00000000
14,1.931109,1786433354.325495,2754,50000,0,0,0,,,,,,,,,,,reference_not_armed,WAIT_REFERENCE_START,0,0,0,0,0.000000,0.399997,0.590998,0.869855,0.000000,0,,,,,,,,,0,0,,SAFE,SAFE,,0.000000,,,1,1.000000,SAFE,0,current,50000,129.1363,0.00000000,-0.21019268,1.33210683,-0.02856660,1.57079256,0.00000000,0.00000000,-0.00472803,-0.00389826,-0.00448230,0.00000000,0.00000000
15,2.061466,1786433354.454647,2698,50000,0,0,0,,,,,,,,,,,reference_not_armed,WAIT_REFERENCE_START,0,0,0,0,0.000000,0.399997,0.590997,0.869855,0.000000,0,,,,,,,,,0,0,,SAFE,SAFE,,0.000000,,,1,1.000000,SAFE,0,current,50000,131.1386,0.00000000,-0.21022204,1.33205914,-0.02858127,1.57079637,0.00000000,0.00000000,-0.00022519,-0.00036579,-0.00011255,0.00002926,0.00000000
16,2.190527,1786433354.585801,2664,50000,0,0,0,,,,,,,,,,,reference_not_armed,WAIT_REFERENCE_START,0,0,0,0,0.000000,0.399997,0.590676,0.869495,0.000000,0,,,,,,,,,0,0,,SAFE,SAFE,,0.000000,,,1,1.000000,SAFE,0,current,50000,129.7947,0.00054654,-0.21084926,1.33138788,-0.02924886,1.57079637,0.00035947,0.00423472,-0.00485988,-0.00520117,-0.00517263,0.00000000,0.00278525
17,2.325380,1786433354.715623,2645,50000,0,0,0,,,,,,,,,,,reference_not_armed,WAIT_REFERENCE_START,0,0,0,0,0.000000,0.399997,0.587803,0.864422,0.000000,0,,,,,,,,,0,0,,SAFE,SAFE,,0.000000,,,1,1.000000,SAFE,0,current,50000,131.5104,0.00541401,-0.21552967,1.32650208,-0.03250973,1.57079256,0.00543235,0.03609466,-0.03470750,-0.03623051,-0.02418097,-0.00002829,0.03761787
18,2.453427,1786433354.847149,2629,50000,0,0,0,,,,,,,,,,,reference_not_armed,WAIT_REFERENCE_START,0,0,0,0,0.000000,0.399997,0.581254,0.853455,0.000000,0,,,,,,,,,0,0,,SAFE,SAFE,,0.000000,,,1,1.000000,SAFE,0,current,50000,129.9930,0.01637775,-0.22406515,1.31631958,-0.03632448,1.57079637,0.01648412,0.08562278,-0.06665906,-0.07952161,-0.02979180,0.00002979,0.08631029
19,2.582656,1786433354.977170,2678,50000,0,0,0,,,,,,,,,,,reference_not_armed,WAIT_REFERENCE_START,0,0,0,0,0.000000,0.399997,0.570040,0.834975,0.000000,0,,,,,,,,,0,0,,SAFE,SAFE,,0.000000,,,1,1.000000,SAFE,0,current,50000,127.8012,0.03485727,-0.23412289,1.30221605,-0.04019792,1.57079637,0.03493797,0.14299726,-0.07782821,-0.10913519,-0.02997323,0.00000000,0.14279860
20,2.716841,1786433355.104987,2634,50000,0,0,0,,,,,,,,,,,reference_not_armed,WAIT_REFERENCE_START,0,0,0,0,0.000000,0.399997,0.553455,0.808129,0.000000,0,,,,,,,,,0,0,,SAFE,SAFE,,0.000000,,,1,1.000000,SAFE,0,current,50000,136.3581,0.06170357,-0.24458778,1.28703773,-0.04426576,1.57079637,0.06190164,0.20006965,-0.07798868,-0.11311510,-0.03031523,0.00000000,0.20094439
21,2.846523,1786433355.241361,2632,50000,0,0,0,,,,,,,,,,,reference_not_armed,WAIT_REFERENCE_START,0,0,0,0,0.000000,0.399997,0.532551,0.774915,0.000000,0,,,,,,,,,0,0,,SAFE,SAFE,,0.000000,,,1,1.000000,SAFE,0,current,50000,128.9221,0.09491756,-0.25467119,1.27239859,-0.04817588,1.57079637,0.09522568,0.25611901,-0.07775495,-0.11288501,-0.03015164,0.00000000,0.25696756
22,2.981998,1786433355.370309,2607,50000,1,0,0,,,,,,,,,,,reference_not_armed,WAIT_REFERENCE_START,0,0,0,0,0.000000,0.399997,0.505497,0.732729,0.000000,0,,,,,,,,,0,0,,SAFE,SAFE,,0.000000,,,1,1.000000,SAFE,0,current,50000,126.1019,0.13710356,-0.26512873,1.25718355,-0.05213735,1.57080007,0.13751437,0.31139281,-0.07719159,-0.11230868,-0.02924127,0.00002728,0.31215082
23,3.110831,1786433355.496443,2626,50000,0,0,0,,,,,,,,,,,reference_not_armed,WAIT_REFERENCE_START,0,0,0,0,0.000000,0.399997,0.474176,0.684759,0.000000,0,,,,,,,,,0,0,,SAFE,SAFE,,0.000000,,,1,1.000000,SAFE,0,current,50000,131.6983,0.18507402,-0.27522317,1.24255550,-0.05611350,1.57080007,0.18565357,0.37234553,-0.07835275,-0.11354259,-0.03086276,0.00000000,0.37365530
24,3.243244,1786433355.628156,2475,50000,0,0,0,,,,,,,,,,,reference_not_armed,WAIT_REFERENCE_START,0,0,0,0,0.000000,0.399997,0.438384,0.630831,0.000000,0,,,,,,,,,0,0,,SAFE,SAFE,,0.000000,,,1,1.000000,SAFE,0,current,50000,129.9915,0.23900136,-0.28530288,1.22790539,-0.05999060,1.57080007,0.23967262,0.40726749,-0.07612351,-0.11063982,-0.02928047,0.00000000,0.40796003
25,3.366545,1786433355.758174,2444,50000,0,0,0,,,,,,,,,,,reference_not_armed,WAIT_REFERENCE_START,0,0,0,0,0.000000,0.399997,0.401878,0.576640,0.000000,0,,,,,,,,,0,0,,SAFE,SAFE,,0.000000,,,1,1.000000,SAFE,0,current,50000,129.6311,0.29319283,-0.29497916,1.21381295,-0.06365496,1.57080364,0.29401445,0.43950497,-0.07847678,-0.11429289,-0.02971878,0.00002900,0.44072449
26,3.495862,1786433355.887821,2476,50000,0,0,0,,,,,,,,,,,reference_not_armed,WAIT_REFERENCE_START,0,0,0,0,0.000000,0.399997,0.363203,0.519932,0.000000,0,,,,,,,,,0,0,,SAFE,SAFE,,0.000000,,,1,1.000000,SAFE,0,current,50000,126.8824,0.34990051,-0.30506989,1.19920683,-0.06762744,1.57080364,0.35073686,0.43851814,-0.07803126,-0.11294851,-0.03071901,0.00000000,0.43863199
27,3.621449,1786433356.014721,2393,50000,0,0,0,,,,,,,,,,,reference_not_armed,WAIT_REFERENCE_START,0,0,0,0,0.000000,0.399997,0.325651,0.465377,0.000000,0,,,,,,,,,0,0,,SAFE,SAFE,,0.000000,,,1,1.000000,SAFE,0,current,50000,129.4564,0.40445510,-0.31476817,1.18515086,-0.07133213,1.57080734,0.40530974,0.43439762,-0.07722369,-0.11192238,-0.02949911,0.00002943,0.43454332
28,3.757410,1786433356.144209,2463,50000,0,0,0,,,,,,,,,,,reference_not_armed,WAIT_REFERENCE_START,0,0,0,0,0.000000,0.399997,0.284885,0.406487,0.000000,0,,,,,,,,,0,0,,SAFE,SAFE,,0.000000,,,1,1.000000,SAFE,0,current,50000,135.3411,0.46334529,-0.32522571,1.16991019,-0.07537798,1.57080734,0.46418530,0.43313958,-0.07691564,-0.11209569,-0.02975733,0.00000000,0.43303195
29,3.891120,1786433356.279574,2571,50000,0,0,0,,,,,,,,,,,reference_not_armed,WAIT_REFERENCE_START,0,0,0,0,0.000000,0.399997,0.244024,0.347582,0.000000,0,,,,,,,,,0,0,,SAFE,SAFE,,0.000000,,,1,1.000000,SAFE,0,current,50000,132.2792,0.52225018,-0.33570161,1.15470254,-0.07946049,1.57081103,0.52311945,0.44054186,-0.07834790,-0.11373599,-0.03053254,0.00002764,0.44076074
30,4.021293,1786433356.411869,2627,50000,0,0,0,,,,,,,,,,,reference_not_armed,WAIT_REFERENCE_START,0,0,0,0,0.000000,0.399997,0.204745,0.290856,0.000000,0,,,,,,,,,0,0,,SAFE,SAFE,,0.000000,,,1,1.000000,SAFE,0,current,50000,131.9481,0.57897621,-0.34577033,1.14006722,-0.08328991,1.57081473,0.57981986,0.43577440,-0.07734875,-0.11242985,-0.02941799,0.00002839,0.43557751
31,4.150980,1786433356.543845,2621,50000,0,0,0,,,,,,,,,,,reference_not_armed,WAIT_REFERENCE_START,0,0,0,0,0.000000,0.399997,0.165796,0.234303,0.000000,0,,,,,,,,,0,0,,SAFE,SAFE,,0.000000,,,1,1.000000,SAFE,0,current,50000,129.0289,0.63552988,-0.35585010,1.12542808,-0.08722938,1.57081473,0.63623047,0.43607776,-0.07772377,-0.11288045,-0.03037669,0.00000000,0.43497471
32,4.281489,1786433356.672899,2567,50000,1,0,0,,,,,,,,,,,reference_not_armed,WAIT_REFERENCE_START,0,0,0,0,0.000000,0.399997,0.128735,0.180192,0.000000,0,,,,,,,,,0,0,,SAFE,SAFE,,0.000000,,,1,1.000000,SAFE,0,current,50000,132.1248,0.68964058,-0.36595184,1.11080360,-0.09115050,1.57081831,0.69020545,0.41461413,-0.07740284,-0.11205758,-0.03004493,0.00002740,0.41357420
33,4.417010,1786433356.805061,2686,50000,0,0,0,,,,,,,,,,,reference_not_armed,WAIT_REFERENCE_START,0,0,0,0,0.000000,0.399997,0.094703,0.130457,0.000000,0,,,,,,,,,0,0,,SAFE,SAFE,,0.000000,,,1,1.000000,SAFE,0,current,50000,131.0981,0.73937541,-0.37640202,1.09558487,-0.09509362,1.57082200,0.73982656,0.36698933,-0.07711107,-0.11229782,-0.02909599,0.00002727,0.36615016
34,4.545066,1786433356.936172,2702,50000,0,0,0,,,,,,,,,,,reference_not_armed,WAIT_REFERENCE_START,0,0,0,0,0.000000,0.399997,0.066961,0.090156,0.000000,0,,,,,,,,,0,0,,SAFE,SAFE,,0.000000,,,1,1.000000,SAFE,0,current,50000,131.4483,0.77967602,-0.38648176,1.08094585,-0.09904777,1.57082200,0.77997684,0.31471078,-0.07871353,-0.11431732,-0.03087822,0.00000000,0.31353689
35,4.674918,1786433357.067648,2673,50000,0,0,0,,,,,,,,,,,reference_not_armed,WAIT_REFERENCE_START,0,0,0,0,0.000000,0.399997,0.044033,0.057383,0.000000,0,,,,,,,,,0,0,,SAFE,SAFE,,0.000000,,,1,1.000000,SAFE,0,current,50000,130.4014,0.81244987,-0.39656153,1.06633246,-0.10294321,1.57082558,0.81264794,0.25239374,-0.07762503,-0.11253874,-0.02999911,0.00002754,0.25160239
36,4.805048,1786433357.198075,2691,50000,0,0,0,,,,,,,,,,,reference_not_armed,WAIT_REFERENCE_START,0,0,0,0,0.000000,0.399997,0.025745,0.032092,0.000000,0,,,,,,,,,0,0,,SAFE,SAFE,,0.000000,,,1,1.000000,SAFE,0,current,50000,130.9134,0.83774096,-0.40663391,1.05164933,-0.10684599,1.57082558,0.83786196,0.19435211,-0.07740231,-0.11283410,-0.02999132,0.00000000,0.19375987
37,4.935107,1786433357.329028,2716,50000,0,0,0,,,,,,,,,,,reference_not_armed,WAIT_REFERENCE_START,0,0,0,0,0.000000,0.399997,0.012042,0.014313,0.000000,0,,,,,,,,,0,0,,SAFE,SAFE,,0.000000,,,1,1.000000,SAFE,0,current,50000,128.9944,0.85551983,-0.41666964,1.03780985,-0.11077444,1.57082939,0.85554183,0.13669841,-0.07716279,-0.10640918,-0.03020513,0.00002933,0.13593719
38,5.065739,1786433357.458039,2671,50000,0,0,0,,,,,,,,,,,reference_not_armed,WAIT_REFERENCE_START,0,0,0,0,0.000000,0.399997,0.003465,0.004064,0.000000,0,,,,,,,,,0,0,,SAFE,SAFE,,0.000000,,,1,1.000000,SAFE,0,current,50000,130.2143,0.86576831,-0.42499974,1.02799046,-0.11456718,1.57082939,0.86583066,0.07845305,-0.06376772,-0.07516830,-0.02903377,0.00000000,0.07876195
39,5.196523,1786433357.588279,2632,50000,1,0,0,,,,,,,,,,,no_stable_track,REFERENCE_ARMED,1,0,0,0,0.000000,0.399997,0.000363,0.000462,1.005039,25,0.027789,,,,,,,,0,0,,SAFE,SAFE,,0.399778,,,1,1.000000,SAFE,0,current,50000,119.5567,0.86939234,-0.42860541,1.02442515,-0.11746860,1.57083297,0.86939597,0.02771002,-0.02756965,-0.02726111,-0.02218480,0.00002734,0.02726111
40,5.319327,1786433357.707864,2678,50000,0,0,0,,,,,,,,,,,no_stable_track,RUNNING,1,0,0,0,0.000000,0.399997,0.000018,0.000066,1.005039,25,0.028237,,,,,,,,0,0,,SAFE,SAFE,,0.399778,,,1,1.000000,SAFE,0,current,50000,133.2330,0.86979580,-0.42901254,1.02397776,-0.11784274,1.57083297,0.86978847,0.00000000,0.00000000,0.00000000,0.00000000,0.00000000,0.00000000
41,5.456883,1786433357.841112,2710,50000,1,0,0,,,,,,,,,,,no_stable_track,RUNNING,1,0,0,0,0.000000,0.399997,0.000000,0.000048,1.005039,25,0.028251,,,,,,,,0,0,,SAFE,SAFE,,0.399997,,,1,1.000000,SAFE,0,current,50000,130.2759,0.86981785,-0.42903090,1.02396309,-0.11785374,1.57083666,0.86983979,0.00016033,-0.00013346,-0.00010659,-0.00007995,0.00002687,0.00037308
42,5.576915,1786433357.971406,2630,50000,0,0,0,,,,,,,,,,,no_stable_track,RUNNING,1,0,0,0,0.000000,0.399997,0.000008,0.000048,1.005039,25,0.028240,,,,,,,,0,0,,SAFE,SAFE,,0.399955,,,1,1.000000,SAFE,0,current,50000,129.2395,0.86981416,-0.42901254,1.02397406,-0.11785007,1.57083666,0.86983252,-0.00003079,0.00015294,0.00009137,0.00003054,0.00000000,-0.00006058
43,5.711480,1786433358.100671,2682,50000,0,0,0,,,,,,,,,,,no_stable_track,RUNNING,1,7,7,0,0.254169,0.399696,0.000143,0.000308,1.254820,31,0.037201,,,,,,,,0,0,,SAFE,SAFE,,0.399365,,,1,1.000000,SAFE,0,current,50000,124.1032,0.86942899,-0.42839631,1.02505970,-0.11764467,1.57084036,0.86956102,-0.00286229,0.00457936,0.00806775,0.00152644,0.00002746,-0.00201760
44,5.830041,1786433358.224790,2705,50000,0,0,0,,,,,,,,,,,no_stable_track,RUNNING,1,10,3,0,0.378422,0.398591,0.000240,0.000514,1.379146,34,0.039721,,,,,,,,0,0,,SAFE,SAFE,,0.397936,,,1,1.000000,SAFE,0,current,50000,129.6383,0.86829191,-0.42665768,1.02760911,-0.11659194,1.57084036,0.86826628,-0.00959071,0.01466458,0.02150306,0.00887927,0.00000000,-0.01092045
45,5.961276,1786433358.354456,2709,50000,0,0,0,,,,,,,,,,,no_stable_track,RUNNING,1,14,4,0,0.544795,0.395995,0.000285,0.000550,1.548775,38,0.041977,,,,,,,,0,0,,SAFE,SAFE,,0.395910,,,1,1.000000,SAFE,0,current,50000,129.6653,0.86632216,-0.42375261,1.03210604,-0.11496334,1.57084036,0.86631483,-0.01500934,0.02213637,0.03426620,0.01240978,0.00000000,-0.01486991
46,6.092402,1786433358.484138,2753,50000,1,0,0,,,,,,,,,,,no_stable_track,RUNNING,1,17,3,0,0.668697,0.393535,0.000204,0.000400,1.673119,41,0.041449,,,,,,,,0,0,,SAFE,SAFE,,0.392837,,,1,1.000000,SAFE,0,current,50000,129.0348,0.86389029,-0.42024964,1.03754210,-0.11311465,1.57084036,0.86390132,-0.01854604,0.02671448,0.04145677,0.01409857,0.00000000,-0.01840604
47,6.222479,1786433358.613200,2600,50000,1,0,0,,,,,,,,,,,no_stable_track,RUNNING,1,20,3,0,0.797295,0.390939,0.000206,0.000418,1.797423,44,0.040921,,,,,,,,0,0,,SAFE,SAFE,,0.390442,,,1,1.000000,SAFE,0,current,50000,132.4154,0.86142534,-0.41662928,1.04299271,-0.11125129,1.57084036,0.86139607,-0.01894990,0.02783237,0.04190286,0.01432504,0.00000000,-0.01925966
48,6.360905,1786433358.745642,2740,50000,1,0,0,,,,,,,,,,,no_stable_track,RUNNING,1,23,3,0,0.922042,0.388431,0.000098,0.000235,1.963039,48,0.041401,,,,,,,,0,0,,SAFE,SAFE,,0.387931,,,1,1.000000,SAFE,0,current,50000,135.1651,0.85870004,-0.41278154,1.04883957,-0.10914218,1.57084036,0.85871106,-0.01968788,0.02779653,0.04223831,0.01523643,0.00000000,-0.01939680
49,6.489810,1786433358.880834,2703,50000,1,0,0,,,,,,,,,,,no_stable_track,RUNNING,1,26,3,0,1.046245,0.385942,0.000191,0.000429,2.046613,50,0.039409,,,,,,,,0,0,,SAFE,SAFE,,0.384848,,,1,1.000000,SAFE,0,current,50000,131.3103,0.85620576,-0.40926021,1.05419493,-0.10730083,1.57084036,0.85618013,-0.01934963,0.02731707,0.04154480,0.01428449,0.00000000,-0.01963400
50,6.619600,1786433359.012160,2632,50000,0,0,0,,,,,,,,,,,no_stable_track,RUNNING,1,29,3,0,1.170770,0.383438,0.000306,0.000627,2.170993,53,0.038819,,,,,,,,0,0,,SAFE,SAFE,,0.382425,,,1,1.000000,SAFE,0,current,50000,130.1316,0.85367113,-0.40570590,1.05953193,-0.10554016,1.57084036,0.85367113,-0.01952878,0.02738526,0.04112048,0.01356553,0.00000000,-0.01933131
51,6.754125,1786433359.142319,2687,50000,0,0,0,,,,,,,,,,,no_stable_track,RUNNING,1,33,4,0,1.337686,0.380132,0.000298,0.000587,2.378706,58,0.040968,,,,,,,,0,0,,SAFE,SAFE,,0.380029,,,1,1.000000,SAFE,0,current,50000,132.5893,0.85102284,-0.40209290,1.06505966,-0.10364013,1.57084036,0.85100818,-0.01968619,0.02685733,0.04109061,0.01412396,0.00000000,-0.01979518
52,6.882483,1786433359.274925,2612,50000,0,0,0,,,,,,,,,,,no_stable_track,RUNNING,1,36,3,0,1.462627,0.377637,0.000306,0.000587,2.504003,61,0.040447,,,,,,,,0,0,,SAFE,SAFE,,0.377540,,,1,1.000000,SAFE,0,current,50000,129.9302,0.84859097,-0.39875501,1.07014716,-0.10189048,1.57084036,0.84857625,-0.01894605,0.02600461,0.03963531,0.01363105,0.00000000,-0.01894651
53,7.014024,1786433359.404873,2701,50000,0,0,0,,,,,,,,,,,no_stable_track,RUNNING,1,39,3,0,1.590348,0.375122,0.000101,0.000378,2.628032,64,0.039670,,,,,,,,0,0,,SAFE,SAFE,,0.374523,,,1,1.000000,SAFE,0,current,50000,131.1412,0.84590966,-0.39516401,1.07552814,-0.10014083,1.57084036,0.84591329,-0.02038386,0.02729947,0.04090729,0.01330117,0.00000000,-0.02024430
54,7.145293,1786433359.536031,2696,50000,0,0,0,,,,,,,,,,,no_stable_track,RUNNING,1,42,3,0,1.714460,0.372630,0.000005,0.000051,2.755029,67,0.039171,,,,,,,,0,0,,SAFE,SAFE,,0.372039,,,1,1.000000,SAFE,0,current,50000,130.0725,0.84335303,-0.39175272,1.08061206,-0.09848288,1.57084036,0.84333462,-0.01947622,0.02598705,0.03872903,0.01263016,0.00000000,-0.01964422
55,7.271724,1786433359.666130,2568,50000,0,0,0,,,,,,,,,,,no_stable_track,RUNNING,1,45,3,0,1.838566,0.370138,0.000003,0.000051,2.879179,70,0.038877,,,,,,,,0,0,,SAFE,SAFE,,0.369639,,,1,1.000000,SAFE,0,current,50000,129.4397,0.84085143,-0.38850653,1.08542812,-0.09680659,1.57084036,0.84086239,-0.01978633,0.02567556,0.03809234,0.01325854,0.00000000,-0.01955391
56,7.401832,1786433359.795586,2708,50000,1,0,0,,,,,,,,,,,no_stable_track,RUNNING,1,48,3,0,1.963039,0.367634,0.000095,0.000202,2.963503,72,0.036831,,,,,,,,0,0,,SAFE,SAFE,,0.367143,,,1,1.000000,SAFE,0,current,50000,123.4999,0.83824712,-0.38512829,1.09044242,-0.09513398,1.57084036,0.83823979,-0.02001650,0.02596492,0.03853955,0.01285562,0.00000000,-0.02015715
57,7.526466,1786433359.919102,2644,50000,1,0,0,,,,,,,,,,,no_stable_track,RUNNING,1,51,3,0,2.088108,0.365139,0.000099,0.000202,3.088169,75,0.036497,,,,,,,,0,0,,SAFE,SAFE,,0.364742,,,1,1.000000,SAFE,0,current,50000,127.8038,0.83573818,-0.38192609,1.09525478,-0.09362642,1.57084036,0.83573449,-0.02013039,0.02569275,0.03861182,0.01209584,0.00000000,-0.02010122
58,7.656601,1786433360.046934,2688,50000,1,0,0,,,,,,,,,,,no_stable_track,RUNNING,1,54,3,0,2.212442,0.362615,0.000191,0.000367,3.213139,78,0.035870,,,,,,,,0,0,,SAFE,SAFE,,0.362231,,,1,1.000000,SAFE,0,current,50000,130.5912,0.83308256,-0.37862489,1.10023963,-0.09204917,1.57084036,0.83312654,-0.02040674,0.02536758,0.03830534,0.01212013,0.00000000,-0.02004032
59,7.785522,1786433360.177552,2707,50000,0,0,0,,,,,,,,,,,no_stable_track,RUNNING,1,57,3,0,2.337021,0.360142,0.000292,0.000558,3.337816,81,0.035385,,,,,,,,0,0,,SAFE,SAFE,,0.359049,,,1,1.000000,SAFE,0,current,50000,131.3597,0.83047825,-0.37530896,1.10507417,-0.09038021,1.57084036,0.83045626,-0.02020070,0.02572049,0.03749980,0.01294549,0.00000000,-0.02071250
60,7.915236,1786433360.308928,2650,50000,0,0,0,,,,,,,,,,,no_stable_track,RUNNING,1,60,3,0,2.462189,0.357641,0.000399,0.000697,3.462779,84,0.034894,,,,,,,,0,0,,SAFE,SAFE,,0.356434,,,1,1.000000,SAFE,0,current,50000,128.8853,0.82779688,-0.37205908,1.10987926,-0.08882130,1.57083666,0.82780784,-0.02067146,0.02505425,0.03704375,0.01201811,-0.00002849,-0.02041735
61,8.046415,1786433360.437829,2800,50000,0,0,0,,,,,,,,,,,no_stable_track,RUNNING,1,64,4,0,2.628032,0.354340,0.000296,0.000495,3.628527,88,0.035675,,,,,,,,0,0,,SAFE,SAFE,,0.353851,,,1,1.000000,SAFE,0,current,50000,130.7811,0.82513762,-0.36879820,1.11470270,-0.08736509,1.57083666,0.82511187,-0.02027203,0.02485828,0.03677000,0.01110094,0.00000000,-0.02055192
62,8.180387,1786433360.568641,2660,50000,0,0,0,,,,,,,,,,,no_stable_track,RUNNING,1,67,3,0,2.755029,0.351833,0.000102,0.000172,3.795249,92,0.036482,,,,,,,,0,0,,SAFE,SAFE,,0.351435,,,1,1.000000,SAFE,0,current,50000,130.9169,0.82234621,-0.36546397,1.11961055,-0.08581351,1.57083666,0.82233155,-0.02083581,0.02488757,0.03663352,0.01158139,0.00000000,-0.02075306
63,8.314332,1786433360.699584,2694,50000,1,0,0,,,,,,,,,,,no_stable_track,RUNNING,1,70,3,0,2.879179,0.349336,0.000098,0.000187,3.920313,95,0.035712,,,,,,,,0,0,,SAFE,SAFE,,0.348935,,,1,1.000000,SAFE,0,current,50000,130.8084,0.81954747,-0.36213341,1.12449276,-0.08419959,1.57083666,0.81952184,-0.02089456,0.02486499,0.03644922,0.01204913,0.00000000,-0.02097643
64,8.439017,1786433360.830435,2744,50000,1,0,0,,,,,,,,,,,no_stable_track,RUNNING,1,73,3,0,3.005040,0.346843,0.000097,0.000191,4.045997,98,0.035613,,,,,,,,0,0,,SAFE,SAFE,,0.345834,,,1,1.000000,SAFE,0,current,50000,129.2033,0.81705320,-0.35920629,1.12870359,-0.08284608,1.57083666,0.81703860,-0.02000460,0.02347613,0.03377171,0.01085536,0.00000000,-0.01991616
65,8.566016,1786433360.959641,2691,50000,1,0,0,,,,,,,,,,,no_stable_track,RUNNING,1,76,3,0,3.129827,0.344325,0.000098,0.000169,4.169844,101,0.035063,,,,,,,,0,0,,SAFE,SAFE,,0.343432,,,1,1.000000,SAFE,0,current,50000,129.3990,0.81431323,-0.35604447,1.13332903,-0.08148158,1.57083666,0.81430227,-0.02157476,0.02489646,0.03642116,0.01074426,0.00000000,-0.02154613
66,8.703628,1786433361.089056,2736,50000,1,0,0,,,,,,,,,,,no_stable_track,RUNNING,1,79,3,0,3.255124,0.341841,0.000295,0.000348,4.294076,104,0.034131,,,,,,,,0,0,,SAFE,SAFE,,0.340950,,,1,1.000000,SAFE,0,current,50000,130.8370,0.81149256,-0.35282764,1.13805342,-0.08003637,1.57083666,0.81146687,-0.02049732,0.02337616,0.03433126,0.01050204,0.00000000,-0.02060430
67,8.835821,1786433361.219920,2753,50000,0,0,0,,,,,,,,,,,no_stable_track,RUNNING,1,83,4,0,3.421241,0.338426,0.000408,0.000701,4.459244,108,0.034758,,,,,,,,0,0,,SAFE,SAFE,,0.338533,,,1,1.000000,SAFE,0,current,50000,137.1999,0.80860949,-0.34958875,1.14268613,-0.07851047,1.57083666,0.80862415,-0.02180961,0.02450120,0.03504507,0.01154298,0.00000000,-0.02150436
68,8.966088,1786433361.357147,2751,50000,0,0,0,,,,,,,,,,,no_stable_track,RUNNING,1,86,3,0,3.545718,0.335950,0.000308,0.000528,4.582966,111,0.034391,,,,,,,,0,0,,SAFE,SAFE,,0.335344,,,1,1.000000,SAFE,0,current,50000,130.6725,0.80586576,-0.34653330,1.14705479,-0.07713129,1.57083666,0.80584747,-0.02106226,0.02345528,0.03353618,0.01058730,0.00000000,-0.02131529
69,9.097122,1786433361.487846,2828,50000,1,0,0,,,,,,,,,,,no_stable_track,RUNNING,1,89,3,0,3.669718,0.333527,0.000104,0.000150,4.707455,114,0.033764,,,,,,,,0,0,,SAFE,SAFE,,0.332829,,,1,1.000000,SAFE,0,current,50000,133.9748,0.80306339,-0.34344849,1.15150404,-0.07583281,1.57083666,0.80309272,-0.02138658,0.02354202,0.03395488,0.00990948,0.00000000,-0.02102313
70,9.231753,1786433361.621850,2720,50000,1,0,0,,,,,,,,,,,no_stable_track,RUNNING,1,92,3,0,3.795249,0.331030,0.000096,0.000048,4.831836,117,0.033071,,,,,,,,0,0,,SAFE,SAFE,,0.330443,,,1,1.000000,SAFE,0,current,50000,133.2768,0.80017298,-0.34030497,1.15607440,-0.07449032,1.57083666,0.80017298,-0.02146913,0.02334917,0.03394737,0.00997169,0.00000000,-0.02168695
71,9.362484,1786433361.755143,2766,50000,0,0,0,,,,,,,,,,,no_stable_track,RUNNING,1,95,3,0,3.920313,0.328531,0.000198,0.000180,4.956061,120,0.032638,,,,,,,,0,0,,SAFE,SAFE,,0.327328,,,1,1.000000,SAFE,0,current,50000,129.4634,0.79736692,-0.33728620,1.16038430,-0.07316983,1.57083666,0.79736328,-0.02146448,0.02309148,0.03296770,0.01010083,0.00000000,-0.02149229
72,9.492846,1786433361.884640,2735,50000,0,0,0,,,,,,,,,,,no_stable_track,RUNNING,1,98,3,0,4.045997,0.325928,0.000194,0.000323,5.080137,123,0.032132,,,,,,,,0,0,,SAFE,SAFE,,0.324946,,,1,1.000000,SAFE,0,current,50000,122.2523,0.79453886,-0.33430773,1.16463923,-0.07185300,1.57083666,0.79453886,-0.02169390,0.02284770,0.03263938,0.01010127,0.00000000,-0.02166601
73,9.615552,1786433362.006908,2738,50000,1,0,0,,,,,,,,,,,no_stable_track,RUNNING,1,101,3,0,4.169844,0.323538,0.000302,0.000327,5.204579,126,0.031659,,,,,,,,0,0,,SAFE,SAFE,,0.322433,,,1,1.000000,SAFE,0,current,50000,127.2178,0.79182088,-0.33144668,1.16871810,-0.07063155,1.57083666,0.79181349,-0.02215031,0.02331635,0.03324100,0.00995434,0.00000000,-0.02221054
74,9.739796,1786433362.134144,2844,50000,0,0,0,,,,,,,,,,,no_stable_track,RUNNING,1,104,3,0,4.294076,0.321023,0.000288,0.000473,5.327756,129,0.031354,,,,,,,,0,0,,SAFE,SAFE,,0.320034,,,1,1.000000,SAFE,0,current,50000,130.3865,0.78906989,-0.32862964,1.17265761,-0.06946144,1.57083666,0.78905147,-0.02214174,0.02267329,0.03170768,0.00941776,0.00000000,-0.02223049
75,9.870381,1786433362.264557,2781,50000,0,0,0,,,,,,,,,,,no_stable_track,RUNNING,1,108,4,0,4.459244,0.317737,0.000401,0.000583,5.494019,133,0.031978,,,,,,,,0,0,,SAFE,SAFE,,0.317541,,,1,1.000000,SAFE,0,current,50000,128.7271,0.78622347,-0.32571355,1.17686117,-0.06828034,1.57083666,0.78619778,-0.02179748,0.02233106,0.03219025,0.00904472,0.00000000,-0.02185317
76,9.999036,1786433362.393301,2767,50000,1,0,0,,,,,,,,,,,no_stable_track,RUNNING,1,111,3,0,4.582966,0.315230,0.000297,0.000470,5.617669,136,0.031582,,,,,,,,0,0,,SAFE,SAFE,,0.315133,,,1,1.000000,SAFE,0,current,50000,130.8590,0.78333306,-0.32280847,1.18097663,-0.06708089,1.57083666,0.78332943,-0.02246644,0.02258041,0.03198850,0.00932301,0.00000000,-0.02229503
77,10.132725,1786433362.524187,2669,50000,0,0,0,,,,,,,,,,,no_stable_track,RUNNING,1,114,3,0,4.707455,0.312743,0.000207,0.000319,5.742518,139,0.031097,,,,,,,,0,0,,SAFE,SAFE,,0.312044,,,1,1.000000,SAFE,0,current,50000,131.2578,0.78046834,-0.31993639,1.18494916,-0.06585578,1.57083666,0.78044271,-0.02142809,0.02148316,0.02971453,0.00916385,0.00000000,-0.02159261
78,10.269814,1786433362.655472,2772,50000,1,0,0,0.480554,left_link,0,0.834583,-0.262044,0.370016,,,,,no_stable_track,RUNNING,1,117,3,0,4.831836,0.310231,0.000095,0.000048,5.866568,142,0.030470,0.000000,0.000000,0.000000,0.000000,0.094579,1,0.016877,0,0,"age_ok,speed_history_ready,speed_ok,valid_streak_not_ready",SAFE,SAFE,,0.309639,0.488477,,0,1.000000,SAFE,1,current,50000,155.2369,0.77742386,-0.31697997,1.18913066,-0.06462332,1.57083666,0.77743483,-0.02220823,0.02156583,0.03050229,0.00899027,0.00000000,-0.02194127
79,10.419724,1786433362.810725,2722,50000,1,0,0,0.483624,left_link,0,0.831317,-0.260450,0.372127,,,,,no_stable_track,RUNNING,1,121,4,0,4.997607,0.306938,0.000201,0.000323,6.032697,146,0.030390,0.029057,0.009769,0.021300,0.017181,0.089149,2,0.015746,0,0,"age_ok,speed_history_ready,speed_ok,valid_streak_not_ready",SAFE,SAFE,,0.306536,0.492339,,0,1.000000,SAFE,1,current,50000,150.3784,0.77395755,-0.31360540,1.19389534,-0.06330283,1.57083666,0.77394658,-0.02312253,0.02251062,0.03178349,0.00880852,0.00000000,-0.02326885
80,10.566673,1786433362.961120,2801,50000,1,1,0,0.477453,left_link,0,0.830735,-0.264482,0.365319,,,,,predicted_track_not_dynamic,RUNNING,1,124,3,0,5.121478,0.304428,0.000196,0.000290,6.156510,149,0.029487,0.033780,-0.023953,-0.003516,0.023558,0.093986,3,0.010872,0,0,"speed_history_ready,speed_ok,valid_streak_not_ready",SAFE,SAFE,0.000000,0.303334,0.486032,,0,1.000000,SAFE,1,current,50000,147.3357,0.77066368,-0.31050590,1.19826043,-0.06209971,1.57083666,0.77069306,-0.02241512,0.02109241,0.02970484,0.00818732,0.00000000,-0.02214052
81,10.715938,1786433363.108474,2761,50000,1,1,0,0.470141,left_link,0,0.827428,-0.261755,0.362267,,,,,predicted_track_not_dynamic,RUNNING,1,128,4,0,5.286901,0.301140,0.000104,0.000150,6.321770,153,0.029531,0.038366,-0.028449,-0.025105,-0.005689,0.096736,4,0.017836,0,0,"speed_history_ready,speed_ok,valid_streak_not_ready",SAFE,SAFE,0.010351,0.300340,0.478439,,0,1.000000,SAFE,1,current,50000,149.2931,0.76728547,-0.30728173,1.20271707,-0.06083791,1.57083666,0.76727808,-0.02263224,0.02160020,0.02985713,0.00845340,0.00000000,-0.02287862
82,10.865090,1786433363.257784,2870,50000,1,1,0,0.470665,left_link,0,0.824270,-0.268343,0.358016,,,,,predicted_track_not_dynamic,RUNNING,1,132,4,0,5.452588,0.297833,0.000393,0.000580,6.487985,157,0.029550,0.043712,-0.028862,-0.031730,-0.008418,0.095681,5,0.018407,0,0,"speed_ok,valid_streak_not_ready",SAFE,SAFE,0.019898,0.297833,0.478606,,0,1.000000,SAFE,1,current,50000,138.2016,0.76382649,-0.30410519,1.20716631,-0.05952843,1.57083666,0.76382285,-0.02319093,0.02129732,0.02983027,0.00877952,0.00000000,-0.02316576
83,11.002013,1786433363.396002,2776,50000,1,1,0,0.468859,left_link,0,0.820037,-0.269935,0.353876,,,,,predicted_track_not_dynamic,RUNNING,1,135,3,0,5.576674,0.295341,0.000197,0.000301,6.612410,160,0.028886,0.061880,-0.039606,-0.040972,-0.024120,0.095627,6,0.019574,0,0,"speed_ok,valid_streak_not_ready",SAFE,SAFE,0.027401,0.294736,0.477847,,0,1.000000,SAFE,1,current,50000,158.4882,0.76074535,-0.30126980,1.21106184,-0.05842068,1.57083666,0.76073068,-0.02250276,0.02070795,0.02845047,0.00809028,0.00000000,-0.02258329
84,11.162366,1786433363.554520,2836,50000,1,1,0,0.464909,left_link,0,0.814597,-0.274131,0.357418,,,,,predicted_track_not_dynamic,RUNNING,1,139,4,0,5.742518,0.292045,0.000296,0.000447,6.777511,164,0.028746,0.048102,-0.033275,-0.029115,-0.018943,0.094345,7,0.015062,0,0,"speed_ok,valid_streak_not_ready",SAFE,SAFE,0.000000,0.291542,0.472470,,0,1.000000,SAFE,1,current,50000,151.1161,0.75704795,-0.29796493,1.21559918,-0.05718823,1.57083666,0.75701499,-0.02305780,0.02060992,0.02829592,0.00768588,0.00000000,-0.02317192
85,11.319895,1786433363.705652,2876,50000,1,1,0,0.455900,left_link,0,0.808506,-0.272542,0.359123,,,,,predicted_track_not_dynamic,RUNNING,1,142,3,0,5.866568,0.289541,0.000411,0.000561,6.901912,167,0.027426,0.035993,-0.032752,-0.012549,-0.008083,0.096565,8,0.018009,0,0,"speed_ok,valid_streak_not_ready",SAFE,SAFE,0.000000,0.288425,0.464967,,0,1.000000,SAFE,1,current,50000,160.9663,0.75331759,-0.29468569,1.22016215,-0.05598878,1.57083666,0.75332856,-0.02368045,0.02081673,0.02896593,0.00761413,0.00000000,-0.02340159
86,11.477582,1786433363.866636,2920,50000,1,1,0,0.456362,left_link,0,0.809165,-0.263449,0.357914,,,,,predicted_track_not_dynamic,RUNNING,1,146,4,0,6.032697,0.286238,0.000196,0.000268,7.066806,171,0.027287,0.020120,-0.009160,0.014182,0.010945,0.090434,9,0.007261,0,0,"speed_ok,valid_streak_not_ready",SAFE,SAFE,0.000000,0.285246,0.465951,,0,1.000000,SAFE,1,current,50000,148.7577,0.74972290,-0.29151654,1.22454178,-0.05477099,1.57083666,0.74968624,-0.02279642,0.02009773,0.02777422,0.00772281,0.00000000,-0.02309843
87,11.625626,1786433364.015410,2847,50000,1,1,0,0.448067,left_link,0,0.800132,-0.267280,0.357620,,,,,predicted_track_not_dynamic,RUNNING,1,150,4,0,6.197944,0.282934,0.000097,0.000147,7.232713,175,0.027349,0.031339,-0.030853,0.003474,0.004262,0.094385,10,0.019966,0,0,"speed_ok,valid_streak_not_ready",SAFE,SAFE,0.012199,0.282734,0.459027,,0,1.000000,SAFE,1,current,50000,147.2808,0.74617594,-0.28849408,1.22867203,-0.05360456,1.57083666,0.74619794,-0.02395876,0.02041596,0.02789875,0.00787896,0.00000000,-0.02356259
88,11.769252,1786433364.162706,2839,50000,1,1,0,0.448776,left_link,0,0.799842,-0.268062,0.354991,,,,,predicted_track_not_dynamic,RUNNING,1,153,3,0,6.321770,0.280442,0.000298,0.000404,7.357262,178,0.026509,0.027605,-0.024025,-0.005556,-0.012408,0.101792,11,0.021766,0,0,"speed_ok,valid_streak_not_ready",SAFE,SAFE,0.018752,0.279550,0.459038,,0,1.000000,SAFE,1,current,50000,146.0053,0.74276835,-0.28561467,1.23265183,-0.05252983,1.57083666,0.74276102,-0.02372558,0.02004805,0.02770958,0.00748287,0.00000000,-0.02392976
89,11.916582,1786433364.308758,2920,50000,1,1,0,0.445010,left_link,0,0.792152,-0.271003,0.357330,,,,,predicted_track_not_dynamic,RUNNING,1,157,4,0,6.487985,0.277131,0.000096,0.000147,7.522917,182,0.026652,0.030143,-0.029698,-0.003935,-0.003336,0.095370,12,0.020688,0,0,"speed_ok,valid_streak_not_ready",SAFE,SAFE,0.024699,0.276535,0.454664,,0,1.000000,SAFE,1,current,50000,148.3242,0.73930204,-0.28274995,1.23656929,-0.05151745,1.57083666,0.73933506,-0.02352751,0.01944423,0.02658967,0.00687150,0.00000000,-0.02325362
90,12.067147,1786433364.457101,2829,50000,1,1,0,0.440140,left_link,0,0.791349,-0.269497,0.358618,,,,,predicted_track_not_dynamic,RUNNING,1,160,3,0,6.612410,0.274653,0.000404,0.000521,7.648325,185,0.025746,0.052466,-0.046233,-0.012294,-0.021541,0.094734,13,0.021292,0,0,"speed_ok,valid_streak_not_ready",SAFE,SAFE,0.000000,0.273435,0.449966,,0,1.000000,SAFE,1,current,50000,154.4886,0.73574769,-0.27982286,1.24046838,-0.05047940,1.57083666,0.73574769,-0.02360669,0.01944072,0.02589642,0.00689435,0.00000000,-0.02382600
91,12.219643,1786433364.611605,2814,50000,1,1,0,0.437915,left_link,0,0.787641,-0.271552,0.346188,,,,,predicted_track_not_dynamic,RUNNING,1,164,4,0,6.777511,0.271331,0.000195,0.000279,7.813886,189,0.025632,0.021286,-0.019135,-0.000855,-0.009285,0.099395,14,0.014251,0,0,"speed_ok,valid_streak_not_ready",SAFE,SAFE,0.000000,0.270442,0.448815,,0,1.000000,SAFE,1,current,50000,147.2640,0.73202103,-0.27679673,1.24457300,-0.04941200,1.57083666,0.73200637,-0.02443782,0.01984402,0.02691627,0.00699954,0.00000000,-0.02453397
92,12.367371,1786433364.758886,2881,50000,2,1,0,0.437425,left_link,0,0.780147,-0.269724,0.360305,,,,,predicted_track_not_dynamic,RUNNING,1,168,4,0,6.942893,0.268026,0.000204,0.000286,7.979730,193,0.025746,0.017782,-0.010004,0.006351,0.013258,0.090832,15,0.012083,0,0,"speed_ok,valid_streak_not_ready",SAFE,SAFE,0.000000,0.267324,0.448196,,0,1.000000,SAFE,1,current,50000,148.8667,0.72851437,-0.27402368,1.24841690,-0.04841430,1.57083666,0.72851801,-0.02373717,0.01877122,0.02602003,0.00675362,0.00000000,-0.02361331
93,12.516166,1786433364.907774,2925,50000,1,1,0,0.431256,left_link,0,0.781077,-0.268177,0.349717,,,,,predicted_track_not_dynamic,RUNNING,1,171,3,0,7.066806,0.265540,0.000299,0.000396,8.104729,196,0.025229,0.019904,-0.013942,-0.001073,-0.014165,0.099443,16,0.021441,0,0,"speed_ok,valid_streak_not_ready",SAFE,SAFE,0.010100,0.264240,0.442380,,0,1.000000,SAFE,1,current,50000,152.0847,0.72489035,-0.27116629,1.25218034,-0.04739092,1.57083666,0.72484267,-0.02435583,0.01920354,0.02529280,0.00687778,0.00000000,-0.02470074
94,12.670042,1786433365.059876,2836,50000,1,1,0,0.430086,left_link,0,0.777640,-0.268275,0.356831,,,,,predicted_track_not_dynamic,RUNNING,1,175,4,0,7.232713,0.262232,0.000103,0.000165,8.270271,200,0.025757,0.022483,-0.012621,0.018437,-0.002505,0.090241,17,0.016660,0,0,"speed_ok,valid_streak_not_ready",SAFE,SAFE,0.013123,0.261235,0.439997,,0,1.000000,SAFE,1,current,50000,155.8128,0.72109759,-0.26824290,1.25612724,-0.04638221,1.57083666,0.72109026,-0.02464825,0.01899846,0.02564995,0.00655537,0.00000000,-0.02438601
95,12.822795,1786433365.215705,2854,50000,1,1,0,0.421268,left_link,0,0.774900,-0.266541,0.355913,,,,,predicted_track_not_dynamic,RUNNING,1,179,4,0,7.398686,0.258943,0.000202,0.000253,8.437900,204,0.026296,0.020818,-0.017757,0.001021,0.010818,0.095523,18,0.016998,0,0,"speed_ok,valid_streak_not_ready",SAFE,SAFE,0.000000,0.258140,0.433514,,0,1.000000,SAFE,1,current,50000,147.3234,0.71744061,-0.26547721,1.25987232,-0.04544687,1.57083666,0.71742964,-0.02394053,0.01810563,0.02451725,0.00612324,0.00000000,-0.02396433
96,12.969560,1786433365.363045,2954,50000,1,1,0,0.416674,left_link,0,0.771832,-0.267869,0.348493,,,,,predicted_track_not_dynamic,RUNNING,1,182,3,0,7.522917,0.256432,0.000301,0.000407,8.562425,207,0.025775,0.043647,-0.039282,-0.000826,-0.019007,0.096479,19,0.019689,0,0,"speed_ok,valid_streak_not_ready",SAFE,SAFE,0.010329,0.255734,0.429526,,0,1.000000,SAFE,1,current,50000,147.6906,0.71372491,-0.26271516,1.26358438,-0.04452252,1.57083666,0.71372491,-0.02531728,0.01881952,0.02529250,0.00629812,0.00000000,-0.02524255
97,13.117028,1786433365.510769,2850,50000,1,1,0,0.412778,left_link,0,0.767645,-0.269599,0.356917,,,,,predicted_track_not_dynamic,RUNNING,1,186,4,0,7.689697,0.253131,0.000102,0.000151,8.728214,211,0.026417,0.030887,-0.027646,0.007525,0.011538,0.093825,20,0.020751,0,0,"speed_ok,valid_streak_not_ready",SAFE,SAFE,0.016306,0.252632,0.425093,,0,1.000000,SAFE,1,current,50000,144.7127,0.71013391,-0.26008520,1.26709819,-0.04364587,1.57083666,0.71014857,-0.02435103,0.01783413,0.02382761,0.00594473,0.00000000,-0.02425160
98,13.264349,1786433365.655495,2881,50000,1,1,0,0.412327,left_link,0,0.764552,-0.269664,0.351972,,,,,predicted_track_not_dynamic,RUNNING,1,189,3,0,7.813886,0.250634,0.000391,0.000543,8.852864,214,0.025896,0.038406,-0.028619,-0.024656,-0.006931,0.093846,21,0.020853,0,0,"speed_ok,valid_streak_not_ready",SAFE,SAFE,0.000000,0.249552,0.425229,,0,1.000000,SAFE,1,current,50000,147.9348,0.70640719,-0.25738552,1.27061963,-0.04275087,1.57083666,0.70640349,-0.02529657,0.01832509,0.02390316,0.00607514,0.00000000,-0.02542119
99,13.411008,1786433365.803446,2792,50000,1,1,0,0.404858,left_link,0,0.767644,-0.271615,0.353716,,,,,predicted_track_not_dynamic,RUNNING,1,193,4,0,7.979730,0.247332,0.000000,0.000048,9.019140,218,0.026546,0.029645,-0.028223,-0.002231,-0.008794,0.092091,22,0.023244,0,0,"speed_ok,valid_streak_not_ready",SAFE,SAFE,0.000000,0.246436,0.417146,,0,1.000000,SAFE,1,current,50000,147.0093,0.70276481,-0.25481057,1.27415192,-0.04187788,1.57083666,0.70277584,-0.02483568,0.01755738,0.02408503,0.00595252,0.00000000,-0.02473529
100,13.558028,1786433365.950478,2876,50000,1,1,0,0.403661,left_link,0,0.759403,-0.268821,0.346634,,,,,predicted_track_not_dynamic,RUNNING,1,196,3,0,8.104729,0.244851,0.000405,0.000543,9.143072,221,0.026168,0.014710,-0.014358,0.003091,0.000829,0.098007,23,0.014299,0,0,"speed_ok,valid_streak_not_ready",SAFE,SAFE,0.000000,0.243441,0.416238,,0,1.000000,SAFE,1,current,50000,146.9595,0.69913346,-0.25224662,1.27742743,-0.04103790,1.57083666,0.69910783,-0.02469981,0.01743955,0.02227945,0.00571338,0.00000000,-0.02494914
101,13.726767,1786433366.097454,2814,50000,1,1,0,0.396829,left_link,0,0.752936,-0.266154,0.355316,,,,,predicted_track_not_dynamic,RUNNING,1,201,5,0,8.311783,0.240647,0.000394,0.000491,9.350249,226,0.027352,0.018516,-0.007412,0.009680,0.013936,0.095955,24,0.007070,0,0,"speed_ok,valid_streak_not_ready",SAFE,SAFE,0.000000,0.240346,0.409665,,0,1.000000,SAFE,1,current,50000,171.3867,0.69482350,-0.24929386,1.28134489,-0.04007687,1.57083666,0.69477952,-0.02554214,0.01749896,0.02321608,0.00569533,0.00000000,-0.02565094
102,13.875316,1786433366.268861,2878,50000,1,1,0,0.389298,left_link,0,0.745546,-0.268079,0.356871,,,,,predicted_track_not_dynamic,RUNNING,1,204,3,0,8.437900,0.238133,0.000100,0.000169,9.474878,229,0.026722,0.036789,-0.026526,0.021733,0.013322,0.098771,25,0.013633,0,0,"speed_ok,valid_streak_not_ready",SAFE,SAFE,0.000000,0.237331,0.403199,,0,1.000000,SAFE,1,current,50000,143.9153,0.69099784,-0.24672624,1.28483689,-0.03925890,1.57083666,0.69100147,-0.02575343,0.01728458,0.02350727,0.00550637,0.00000000,-0.02543284
103,14.019772,1786433366.412791,2983,50000,1,1,0,0.389428,left_link,0,0.744803,-0.276764,0.349493,,,,,predicted_track_not_dynamic,RUNNING,1,208,4,0,8.603940,0.234847,0.000296,0.000359,9.640523,233,0.027521,0.025336,-0.022513,0.005979,-0.009967,0.099742,26,0.016939,0,0,"speed_ok,valid_streak_not_ready",SAFE,SAFE,0.010051,0.234249,0.402187,,0,1.000000,SAFE,1,current,50000,153.1159,0.68731141,-0.24425398,1.28805745,-0.03849228,1.57083666,0.68728203,-0.02551944,0.01711436,0.02229444,0.00530696,0.00000000,-0.02574803
104,14.172388,1786433366.565926,2918,50000,1,1,0,0.387760,left_link,0,0.740197,-0.275872,0.344368,,,,,predicted_track_not_dynamic,RUNNING,1,211,3,0,8.728214,0.232332,0.000200,0.000304,9.765018,236,0.026835,0.038489,-0.035045,-0.013526,-0.008384,0.100267,27,0.018078,0,0,"speed_ok,valid_streak_not_ready",SAFE,SAFE,0.019240,0.231238,0.401945,1,1,1.000000,FOLLOWING,1,current,50000,153.8162,0.68343431,-0.24174505,1.29134035,-0.03772200,1.57083666,0.68345636,-0.02540437,0.01643949,0.02151093,0.00504723,0.00000000,-0.02506732
105,14.329927,1786433366.719769,2879,50000,1,1,0,0.383055,left_link,0,0.736025,-0.274211,0.344671,,,,,predicted_track_not_dynamic,RUNNING,1,215,4,0,8.894291,0.229033,0.000100,0.000169,9.931427,240,0.027253,0.058482,-0.047636,-0.018093,-0.028698,0.101702,28,0.021354,0,0,"speed_ok,valid_streak_not_ready",SAFE,SAFE,0.025905,0.228126,0.398430,1,1,1.000000,FOLLOWING,1,current,50000,152.2594,0.67931879,-0.23906739,1.29483962,-0.03691503,1.57083666,0.67932612,-0.02612385,0.01699685,0.02221210,0.00512232,0.00000000,-0.02621730
106,14.479782,1786433366.872045,2898,50000,1,1,0,0.375799,left_link,0,0.732862,-0.272113,0.349795,,,,,predicted_track_not_dynamic,RUNNING,1,219,4,0,9.060415,0.225637,0.000293,0.000371,10.097093,244,0.027789,0.029586,-0.025501,-0.006429,-0.013553,0.097275,29,0.016182,0,0,"speed_ok,valid_streak_not_ready",SAFE,SAFE,0.000000,0.225045,0.390726,1,1,1.000000,STATIC,1,current,50000,147.2793,0.67541969,-0.23660615,1.29805279,-0.03615942,1.57083666,0.67541969,-0.02601905,0.01642409,0.02144177,0.00504229,0.00000000,-0.02606797
107,14.627610,1786433367.019342,2924,50000,1,1,0,0.374420,left_link,0,0.729820,-0.276155,0.342894,,,,,predicted_track_not_dynamic,RUNNING,1,222,3,0,9.184570,0.223228,0.000199,0.000301,10.221718,247,0.027356,0.048439,-0.043986,-0.019488,0.005631,0.105664,30,0.023960,0,0,"speed_ok,valid_streak_not_ready",SAFE,SAFE,0.014575,0.222038,0.388374,,0,1.000000,SAFE,1,current,50000,157.5786,0.67162693,-0.23427695,1.30109358,-0.03544416,1.57083666,0.67164898,-0.02565657,0.01575614,0.02056977,0.00483848,0.00000000,-0.02550739
108,14.793179,1786433367.176951,2926,50000,1,1,0,0.370460,left_link,0,0.723549,-0.279859,0.346282,,,,,predicted_track_not_dynamic,RUNNING,1,226,4,0,9.350249,0.219940,0.000202,0.000172,10.388059,251,0.027532,0.036456,-0.033110,-0.005962,0.014045,0.106484,31,0.018446,0,0,"speed_ok,valid_streak_not_ready",SAFE,SAFE,0.021031,0.218831,0.385889,1,1,1.000000,FOLLOWING,1,current,50000,153.1550,0.66731697,-0.23162864,1.30452323,-0.03462986,1.57084036,0.66730237,-0.02603123,0.01599525,0.02071440,0.00491821,0.00002232,-0.02625263
109,14.939847,1786433367.330125,2857,50000,1,1,0,0.365809,left_link,0,0.716732,-0.276781,0.344668,,,,,predicted_track_not_dynamic,RUNNING,1,230,4,0,9.516449,0.216545,0.000199,0.000242,10.554927,255,0.028075,0.018470,-0.017516,0.005819,0.000702,0.100434,32,0.013271,0,0,"speed_ok,valid_streak_not_ready",SAFE,SAFE,0.000000,0.215850,0.381029,1,1,1.000000,STATIC,1,current,50000,151.8326,0.66335922,-0.22927009,1.30750155,-0.03391825,1.57084036,0.66331518,-0.02698441,0.01608092,0.02030658,0.00485178,0.00000000,-0.02718516
110,15.093785,1786433367.481988,2897,50000,1,1,0,0.361786,left_link,0,0.710114,-0.278682,0.344824,,,,,predicted_track_not_dynamic,RUNNING,1,233,3,0,9.640523,0.214131,0.000505,0.000436,10.678449,258,0.027536,0.055226,-0.046586,-0.024572,-0.016610,0.101729,33,0.024868,0,0,"speed_ok,valid_streak_not_ready",SAFE,SAFE,0.014726,0.212736,0.377116,1,1,1.000000,FOLLOWING,1,current,50000,149.0541,0.65936840,-0.22692622,1.31065607,-0.03323967,1.57084036,0.65937573,-0.02592476,0.01522593,0.02049200,0.00440814,0.00000000,-0.02559099
111,15.239907,1786433367.631058,2822,50000,1,1,0,0.360800,left_link,0,0.708634,-0.279404,0.339463,,,,,predicted_track_not_dynamic,RUNNING,1,237,4,0,9.806588,0.210745,0.000002,0.000048,10.844955,262,0.028079,0.031495,-0.025590,-0.005732,-0.017442,0.099815,34,0.022136,0,0,"speed_ok,valid_streak_not_ready",SAFE,SAFE,0.021696,0.210338,0.376150,1,1,1.000000,FOLLOWING,1,current,50000,148.1499,0.65540695,-0.22461537,1.31356478,-0.03259043,1.57084036,0.65538490,-0.02711064,0.01581464,0.01990610,0.00444315,0.00000000,-0.02731174
112,15.386965,1786433367.779234,2767,50000,1,1,0,0.357907,left_link,0,0.703698,-0.275469,0.344371,,,,,predicted_track_not_dynamic,RUNNING,1,241,4,0,9.972881,0.207441,0.000396,0.000506,11.011982,266,0.028878,0.034904,-0.033178,0.004288,-0.009955,0.096740,35,0.020451,0,0,"speed_ok,valid_streak_not_ready",SAFE,SAFE,0.024312,0.207243,0.373320,1,1,1.000000,FOLLOWING,1,current,50000,148.1151,0.65150779,-0.22245856,1.31646264,-0.03196320,1.57084036,0.65150779,-0.02651443,0.01466639,0.01970556,0.00426522,0.00000000,-0.02636446
113,15.537684,1786433367.927364,2850,50000,1,1,0,0.354572,left_link,0,0.702890,-0.275456,0.339058,,,,,predicted_track_not_dynamic,RUNNING,1,244,3,0,10.097093,0.204932,0.000103,0.000176,11.135993,269,0.028313,0.041759,-0.038439,0.015470,-0.005195,0.094644,36,0.019877,0,0,"speed_ok,valid_streak_not_ready",SAFE,SAFE,0.025703,0.204223,0.369890,1,1,1.000000,FOLLOWING,1,current,50000,146.5917,0.64746934,-0.22019172,1.31930900,-0.03133963,1.57084036,0.64749128,-0.02679447,0.01504010,0.01888513,0.00413723,0.00000000,-0.02664893
114,15.681672,1786433368.073972,2875,50000,1,1,0,0.345225,left_link,0,0.693361,-0.274556,0.347247,,,,,predicted_track_not_dynamic,RUNNING,1,248,4,0,10.263151,0.201648,0.000293,0.000378,11.302002,273,0.029029,0.018482,-0.016265,0.004680,0.007426,0.098439,37,0.019842,0,0,"speed_ok,valid_streak_not_ready",SAFE,SAFE,0.000000,0.201148,0.360710,1,1,1.000000,STATIC,1,current,50000,155.4207,0.64357752,-0.21804225,1.32204163,-0.03074908,1.57084036,0.64357018,-0.02702885,0.01492808,0.01897823,0.00410142,0.00000000,-0.02723210
115,15.838139,1786433368.229409,2880,50000,1,1,0,0.343462,left_link,0,0.690380,-0.274390,0.347461,,,,,predicted_track_not_dynamic,RUNNING,1,251,3,0,10.388059,0.199134,0.000303,0.000455,11.426457,276,0.028288,0.043226,-0.024191,0.033476,0.012756,0.097106,38,0.016949,0,0,"speed_ok,valid_streak_not_ready",SAFE,SAFE,0.000000,0.198138,0.358976,1,1,1.000000,STATIC,1,current,50000,148.5077,0.63935196,-0.21578276,1.32491744,-0.03010350,1.57084036,0.63935560,-0.02700601,0.01444069,0.01837962,0.00412594,0.00000000,-0.02693592
116,15.985076,1786433368.377933,2848,50000,1,1,0,0.337938,left_link,0,0.681430,-0.275285,0.339312,,,,,predicted_track_not_dynamic,RUNNING,1,255,4,0,10.554927,0.195830,0.000000,0.000048,11.592634,280,0.028849,0.045665,-0.042595,0.005113,-0.015647,0.102203,39,0.023846,0,0,"speed_ok,valid_streak_not_ready",SAFE,SAFE,0.016500,0.194929,0.353348,1,1,1.000000,FOLLOWING,1,current,50000,155.3873,0.63526213,-0.21360761,1.32762074,-0.02949095,1.57084036,0.63526213,-0.02783390,0.01480329,0.01839773,0.00416885,0.00000000,-0.02785865
117,16.145447,1786433368.533338,2950,50000,2,1,0,0.335484,left_link,0,0.672168,-0.275446,0.341747,,,,,predicted_track_not_dynamic,RUNNING,1,259,4,0,10.719960,0.192542,0.000098,0.000125,11.757845,284,0.029161,0.045335,-0.044211,-0.010032,0.000023,0.102219,40,0.016937,0,0,"speed_ok,valid_streak_not_ready",SAFE,SAFE,0.023548,0.191938,0.350981,1,1,1.000000,FOLLOWING,1,current,50000,159.0195,0.63089716,-0.21134812,1.33056986,-0.02885271,1.57084036,0.63084579,-0.02721803,0.01408921,0.01838942,0.00397977,0.00000000,-0.02753841
118,16.306159,1786433368.692389,2949,50000,1,1,0,0.329719,left_link,0,0.663041,-0.279799,0.340987,,,,,predicted_track_not_dynamic,RUNNING,1,263,4,0,10.886479,0.189139,0.000300,0.000392,11.922820,288,0.029443,0.059896,-0.059546,-0.004544,-0.004598,0.102604,41,0.020659,0,0,"speed_ok,valid_streak_not_ready",SAFE,SAFE,0.031762,0.188841,0.344871,1,1,1.000000,FOLLOWING,1,current,50000,156.8974,0.62648457,-0.20911060,1.33330989,-0.02824015,1.57084036,0.62644786,-0.02745647,0.01392248,0.01704926,0.00381154,0.00000000,-0.02736523
119,16.457148,1786433368.849303,2788,50000,1,1,0,0.328475,left_link,0,0.656724,-0.274452,0.338864,,,,,predicted_track_not_dynamic,RUNNING,1,266,3,0,11.011982,0.186635,0.000204,0.000319,12.047479,291,0.028820,0.054132,-0.053442,-0.001976,-0.008384,0.103637,42,0.014130,0,0,"speed_ok,valid_streak_not_ready",SAFE,SAFE,0.033650,0.185528,0.344011,1,1,1.000000,FOLLOWING,1,current,50000,141.4497,0.62232494,-0.20707485,1.33604622,-0.02768994,1.57084036,0.62232494,-0.02754921,0.01348278,0.01812270,0.00364401,0.00000000,-0.02730604
120,16.596915,1786433368.990770,2988,50000,1,1,0,0.323054,left_link,0,0.644916,-0.270420,0.344241,,,,,predicted_track_not_dynamic,RUNNING,1,270,4,0,11.177461,0.183350,0.000297,0.000392,12.213802,295,0.029689,0.051176,-0.044479,0.024275,0.007163,0.098591,43,0.016290,0,0,"speed_ok,valid_streak_not_ready",SAFE,SAFE,0.040403,0.183045,0.338543,1,1,1.000000,FOLLOWING,1,current,50000,143.1026,0.61845154,-0.20518215,1.33832765,-0.02719476,1.57084036,0.61842954,-0.02771328,0.01354181,0.01632305,0.00354292,0.00000000,-0.02787064
121,16.741348,1786433369.133889,2864,50000,1,1,0,0.320851,left_link,0,0.647163,-0.274501,0.335651,,,,,predicted_track_not_dynamic,RUNNING,1,273,3,0,11.302002,0.180834,0.000102,0.000176,12.338394,298,0.029234,0.055935,-0.053749,0.011344,-0.010539,0.103045,44,0.023932,0,0,"speed_ok,valid_streak_not_ready",SAFE,SAFE,0.044990,0.179936,0.336011,1,1,1.000000,FOLLOWING,1,current,50000,146.9056,0.61438370,-0.20324911,1.34082198,-0.02669591,1.57084036,0.61440206,-0.02816420,0.01338364,0.01726985,0.00345386,0.00000000,-0.02788482
122,16.887352,1786433369.280812,2921,50000,1,1,0,0.319170,left_link,0,0.644858,-0.280086,0.343436,,,,,predicted_track_not_dynamic,RUNNING,1,277,4,0,11.467952,0.177531,0.000302,0.000400,12.505886,302,0.030063,0.032458,-0.022215,0.021000,0.010912,0.095392,45,0.014713,0,0,"speed_ok,valid_streak_not_ready",SAFE,SAFE,0.000000,0.176831,0.334392,1,1,1.000000,STATIC,1,current,50000,149.1851,0.61032319,-0.20133440,1.34318781,-0.02621173,1.57084036,0.61034155,-0.02781104,0.01311414,0.01620392,0.00331622,0.00000000,-0.02781104
123,17.038483,1786433369.430017,2886,50000,1,1,0,0.311776,left_link,0,0.639839,-0.269799,0.338992,,,,,predicted_track_not_dynamic,RUNNING,1,280,3,0,11.592634,0.175045,0.000200,0.000327,12.631292,305,0.029506,0.022765,-0.022425,0.003818,0.000877,0.100090,46,0.010734,0,0,"speed_ok,valid_streak_not_ready",SAFE,SAFE,0.000000,0.173834,0.326557,1,1,1.000000,STATIC,1,current,50000,150.5385,0.60611963,-0.19939768,1.34564531,-0.02570921,1.57084036,0.60608661,-0.02781397,0.01281482,0.01626071,0.00332505,0.00000000,-0.02815394
124,17.198815,1786433369.580593,2876,50000,1,1,0,0.311568,left_link,0,0.631779,-0.275411,0.342068,,,,,predicted_track_not_dynamic,RUNNING,1,284,4,0,11.757845,0.171735,0.000199,0.000183,12.798395,309,0.029781,0.036463,-0.029659,-0.021005,-0.002957,0.096773,47,0.019310,0,0,"speed_ok,valid_streak_not_ready",SAFE,SAFE,0.013838,0.170745,0.326808,1,1,1.000000,FOLLOWING,1,current,50000,147.5273,0.60157126,-0.19739494,1.34824967,-0.02519935,1.57084036,0.60154194,-0.02836836,0.01249120,0.01624353,0.00317999,0.00000000,-0.02834531
125,17.335236,1786433369.728118,2935,50000,1,1,0,0.303721,left_link,0,0.627797,-0.277623,0.339441,,,,,predicted_track_not_dynamic,RUNNING,1,288,4,0,11.922820,0.168425,0.000399,0.000547,12.922823,312,0.029458,0.034205,-0.018782,-0.027598,0.007451,0.100858,48,0.017551,0,0,"speed_ok,valid_streak_not_ready",SAFE,SAFE,0.021665,0.168329,0.319134,1,1,1.000000,FOLLOWING,1,current,50000,151.8215,0.59758776,-0.19560494,1.35042858,-0.02475552,1.57084036,0.59759146,-0.02920011,0.01312120,0.01597198,0.00325339,0.00000000,-0.02895805
126,17.489000,1786433369.879983,2851,50000,1,1,0,0.301252,left_link,0,0.617678,-0.280983,0.341081,,,,,predicted_track_not_dynamic,RUNNING,1,291,3,0,12.047479,0.165946,0.000203,0.000183,13.048352,315,0.028864,0.046582,-0.044625,-0.010234,-0.008591,0.095889,49,0.014809,0,0,"speed_ok,valid_streak_not_ready",SAFE,SAFE,0.026506,0.165239,0.316612,1,1,1.000000,FOLLOWING,1,current,50000,145.9737,0.59334022,-0.19375992,1.35272849,-0.02428601,1.57084036,0.59332186,-0.02762390,0.01199906,0.01495742,0.00305345,0.00000000,-0.02776733
127,17.634931,1786433370.025965,2977,50000,1,1,0,0.304620,left_link,0,0.608809,-0.274959,0.339726,,,,,predicted_track_not_dynamic,RUNNING,1,295,4,0,12.213802,0.162644,0.000190,0.000249,13.214053,319,0.029407,0.055225,-0.050309,-0.021076,-0.008639,0.096611,50,0.016711,0,0,"speed_ok,valid_streak_not_ready",SAFE,SAFE,0.030471,0.162049,0.318717,1,1,1.000000,FOLLOWING,1,current,50000,145.1016,0.58901197,-0.19198459,1.35503197,-0.02382017,1.57084036,0.58901924,-0.02965944,0.01216545,0.01578466,0.00319217,0.00000000,-0.02948381
128,17.777767,1786433370.171085,2843,50000,1,1,0,0.301593,left_link,0,0.602698,-0.272886,0.344463,,,,,predicted_track_not_dynamic,RUNNING,1,298,3,0,12.338394,0.160127,0.000099,0.000183,13.379619,323,0.030250,0.049251,-0.049045,0.003472,-0.002860,0.098399,51,0.022021,0,0,"speed_ok,valid_streak_not_ready",SAFE,SAFE,0.037983,0.159527,0.315543,1,1,1.000000,FOLLOWING,1,current,50000,146.1035,0.58498079,-0.19028994,1.35710442,-0.02340569,1.57084036,0.58500648,-0.02822256,0.01186435,0.01450938,0.00290186,0.00000000,-0.02809362
129,17.926124,1786433370.317207,2952,50000,1,1,0,0.295636,left_link,0,0.596835,-0.277450,0.338419,,,,,predicted_track_not_dynamic,RUNNING,1,302,4,0,12.505886,0.156744,0.000303,0.000414,13.546316,327,0.030984,0.054532,-0.053461,0.005413,-0.009294,0.101311,52,0.019924,0,0,"speed_ok,valid_streak_not_ready",SAFE,SAFE,0.041329,0.156540,0.311022,1,1,1.000000,FOLLOWING,1,current,50000,158.1137,0.58067453,-0.18852930,1.35921347,-0.02297653,1.57084036,0.58067453,-0.02902620,0.01186759,0.01421600,0.00289272,0.00000000,-0.02919936
130,18.100522,1786433370.475349,2881,50000,1,1,0,0.296120,left_link,0,0.593371,-0.275608,0.333706,,,,,predicted_track_not_dynamic,RUNNING,1,306,4,0,12.673167,0.153446,0.000095,0.000121,13.711473,331,0.030826,0.049484,-0.048114,0.005812,-0.009997,0.101910,53,0.017232,0,0,"speed_ok,valid_streak_not_ready",SAFE,SAFE,0.041097,0.152841,0.309543,1,1,1.000000,FOLLOWING,1,current,50000,155.6696,0.57557595,-0.18655224,1.36176646,-0.02247768,1.57084036,0.57555765,-0.02923528,0.01133645,0.01463883,0.00286042,0.00000000,-0.02934020
131,18.239157,1786433370.631036,2855,50000,1,1,0,0.290809,left_link,0,0.588180,-0.271075,0.339360,,,,,predicted_track_not_dynamic,RUNNING,1,309,3,0,12.798395,0.150930,0.000205,0.000334,13.836419,334,0.030492,0.043119,-0.038324,0.018536,0.006848,0.099803,54,0.012766,0,0,"speed_ok,valid_streak_not_ready",SAFE,SAFE,0.037087,0.149842,0.305596,1,1,1.000000,FOLLOWING,1,current,50000,156.3231,0.57146412,-0.18496765,1.36364448,-0.02210720,1.57084036,0.57147872,-0.02965936,0.01142994,0.01354653,0.00267229,0.00000000,-0.02942203
132,18.395207,1786433370.787376,2891,50000,1,1,0,0.284522,left_link,0,0.581246,-0.276699,0.336967,,,,,predicted_track_not_dynamic,RUNNING,1,313,4,0,12.964205,0.147632,0.000005,0.000059,14.002812,338,0.030918,0.034766,-0.034454,-0.002267,-0.004060,0.100437,55,0.018170,0,0,"speed_ok,valid_streak_not_ready",SAFE,SAFE,0.039033,0.146724,0.298955,1,1,1.000000,FOLLOWING,1,current,50000,147.6484,0.56694138,-0.18324001,1.36583424,-0.02170005,1.57084036,0.56693405,-0.02898272,0.01107110,0.01403244,0.00260911,0.00000000,-0.02912328
133,18.536420,1786433370.935041,2945,50000,1,1,0,0.283837,left_link,0,0.570843,-0.279661,0.334036,,,,,predicted_track_not_dynamic,RUNNING,1,316,3,0,13.089750,0.145144,0.000301,0.000477,14.127297,341,0.030584,0.045687,-0.045574,-0.000945,-0.003071,0.105481,56,0.019475,0,0,"speed_ok,valid_streak_not_ready",SAFE,SAFE,0.043962,0.143739,0.296200,1,1,1.000000,FOLLOWING,1,current,50000,161.1389,0.56284428,-0.18174712,1.36771226,-0.02134426,1.57084036,0.56281126,-0.02901365,0.01057189,0.01329922,0.00251959,0.00000000,-0.02919557
134,18.707289,1786433371.096210,2993,50000,1,1,0,0.284464,left_link,0,0.566974,-0.271946,0.330745,,,,,predicted_track_not_dynamic,RUNNING,1,320,4,0,13.255964,0.141837,0.000403,0.000477,14.294517,345,0.030569,0.055649,-0.052661,0.016851,-0.006291,0.105604,57,0.023962,0,0,"speed_ok,valid_streak_not_ready",SAFE,SAFE,0.047155,0.140643,0.297183,1,1,1.000000,FOLLOWING,1,current,50000,152.9502,0.55780804,-0.17992412,1.36984706,-0.02092610,1.57084405,0.55781901,-0.02947418,0.01066902,0.01249376,0.00244722,0.00002163,-0.02921675
135,18.867033,1786433371.249176,2844,50000,1,1,0,0.280587,left_link,0,0.557359,-0.275388,0.333794,,,,,predicted_track_not_dynamic,RUNNING,1,324,4,0,13.421398,0.138427,0.000210,0.000334,14.460070,349,0.030995,0.058005,-0.056138,-0.011463,-0.009036,0.099935,58,0.015903,0,0,"speed_ok,valid_streak_not_ready",SAFE,SAFE,0.045328,0.137821,0.293621,1,1,1.000000,FOLLOWING,1,current,50000,159.6729,0.55304325,-0.17825882,1.37196350,-0.02055196,1.57084405,0.55308360,-0.02982770,0.01042477,0.01324896,0.00234212,0.00000000,-0.02964375
136,19.016525,1786433371.408877,2911,50000,1,1,5,0.253678,upperArm_Link,0,0.532074,-0.293245,0.323890,0.065577,upperArm_Link,0.500,1,,RUNNING,1,328,4,0,13.587626,0.135143,0.000094,0.000117,14.625399,353,0.031585,0.155852,-0.121688,-0.083694,-0.049773,0.125674,59,0.062578,1,0,valid_streak_not_ready,SAFE,SLOW,0.078622,0.134028,0.239037,,0,1.000000,SAFE,1,current,50000,172.0369,0.54860127,-0.17675127,1.37380850,-0.02020716,1.57084405,0.54862332,-0.02971388,0.01008451,0.01234184,0.00230646,0.00000000,-0.02983629
