axis,offset_m,predicted_clearance_m,predicted_tau_s,predicted_nearest_link,current_clearance_m,reference_clearance_m,candidate_clearance_m,clearance_improvement_m,fast_ms,accepted_steps,max_delta_q_rad,local_repair_ready,formal_scene_feasible,rejection_reasons
x,-0.2,-0.09846134507331497,0.5,upperArm_Link,-0.07043053090774234,-0.11904269538876439,-0.11904269538876439,0.0,22.319388983305544,0,0.0,False,False,online_clearance_failed;verification_checks_failed:distance_ok;no_accepted_repair_step;insufficient_clearance_improvement;candidate_motion_indistinguishable_from_reference
x,-0.19,-0.08905192178178131,0.5,upperArm_Link,-0.06144113486935665,-0.1094040600706041,-0.1094040600706041,0.0,22.36746301059611,0,0.0,False,False,online_clearance_failed;verification_checks_failed:distance_ok;no_accepted_repair_step;insufficient_clearance_improvement;candidate_motion_indistinguishable_from_reference
x,-0.18,-0.07957262547704705,0.5,upperArm_Link,-0.05234916632952996,-0.0997175002689045,-0.0997175002689045,0.0,22.45011000195518,0,0.0,False,False,online_clearance_failed;verification_checks_failed:distance_ok;no_accepted_repair_step;insufficient_clearance_improvement;candidate_motion_indistinguishable_from_reference
x,-0.16999999999999998,-0.07003490029595236,0.5,upperArm_Link,-0.04316887533219524,-0.09014369699865363,-0.09014369699865363,0.0,24.728702992433682,0,0.0,False,False,online_clearance_failed;verification_checks_failed:distance_ok;no_accepted_repair_step;insufficient_clearance_improvement;candidate_motion_indistinguishable_from_reference
x,-0.15999999999999998,-0.06044787120830675,0.5,upperArm_Link,-0.03391209363550429,-0.08187262552320956,-0.08187262552320956,0.0,23.540684982435778,0,0.0,False,False,online_clearance_failed;verification_checks_failed:distance_ok;no_accepted_repair_step;insufficient_clearance_improvement;candidate_motion_indistinguishable_from_reference
x,-0.14999999999999997,-0.05081889150026059,0.5,upperArm_Link,-0.02458870519363035,-0.07342033044077315,-0.07342033044077315,0.0,31.05672402307391,0,0.0,False,False,online_clearance_failed;verification_checks_failed:distance_ok;no_accepted_repair_step;insufficient_clearance_improvement;candidate_motion_indistinguishable_from_reference
x,-0.13999999999999996,-0.041153945261430736,0.5,upperArm_Link,-0.015207016144481833,-0.06481191931598762,-0.06481191931598762,0.0,22.539150988450274,0,0.0,False,False,online_clearance_failed;verification_checks_failed:distance_ok;no_accepted_repair_step;insufficient_clearance_improvement;candidate_motion_indistinguishable_from_reference
x,-0.12999999999999995,-0.03145794685355785,0.5,upperArm_Link,-0.00577404703810952,-0.056068416532178283,-0.056068416532178283,0.0,28.242642991244793,0,0.0,False,False,online_clearance_failed;verification_checks_failed:distance_ok;no_accepted_repair_step;insufficient_clearance_improvement;candidate_motion_indistinguishable_from_reference
x,-0.11999999999999994,-0.02173496630871269,0.5,upperArm_Link,0.003704235200461925,-0.047207484606673206,-0.047207484606673206,0.0,28.094920999137685,0,0.0,False,False,online_clearance_failed;verification_checks_failed:distance_ok;no_accepted_repair_step;insufficient_clearance_improvement;candidate_motion_indistinguishable_from_reference
x,-0.10999999999999993,-0.012428586973650235,0.5,upperArm_Link,0.013222732160429296,-0.03824401764181798,-0.03824401764181798,0.0,23.549723002361134,0,0.0,False,False,online_clearance_failed;verification_checks_failed:distance_ok;no_accepted_repair_step;insufficient_clearance_improvement;candidate_motion_indistinguishable_from_reference
x,-0.09999999999999992,-0.0036579240823651216,0.5,upperArm_Link,0.022777065406028474,-0.02919062646254439,-0.02905989180288135,0.00013073465966303988,52.68169799819589,1,0.02716632701638741,False,False,online_clearance_failed;verification_checks_failed:distance_ok;insufficient_clearance_improvement
x,-0.08999999999999991,0.005205479214402509,0.5,upperArm_Link,0.03236345661744838,-0.020058033985304757,-0.019561158956785285,0.0004968750285194723,61.20061900583096,1,0.029286397829776788,False,False,online_clearance_failed;verification_checks_failed:distance_ok;insufficient_clearance_improvement
x,-0.0799999999999999,0.014152057992742412,0.5,upperArm_Link,0.041978630336380385,-0.010855397165679098,-0.009882641949100185,0.0009727552165789133,53.41489499551244,1,0.030280293269165707,False,False,online_clearance_failed;verification_checks_failed:distance_ok;insufficient_clearance_improvement
x,-0.0699999999999999,0.02317344604822877,0.5,upperArm_Link,0.05161973462104058,-0.001590569358709354,3.7304244790759e-05,0.001627873603500113,52.978347026510164,1,0.030044806142141105,False,False,online_clearance_failed;verification_checks_failed:distance_ok;insufficient_clearance_improvement
x,-0.05999999999999989,0.0322623056901227,0.5,upperArm_Link,0.060898463059749386,0.007729685481654092,0.008942037339913667,0.001212351858259575,54.73576599615626,1,0.0242163293509628,False,False,online_clearance_failed;verification_checks_failed:distance_ok;insufficient_clearance_improvement
x,-0.04999999999999988,0.04141218344293415,0.5,upperArm_Link,0.06981051499753482,0.017099517464587488,0.017749018900697244,0.0006495014361097562,52.906980010448024,1,0.02424660826012196,False,False,online_clearance_failed;verification_checks_failed:distance_ok;insufficient_clearance_improvement
x,-0.03999999999999987,0.05061738768525095,0.5,upperArm_Link,0.07878721842070513,0.026513846784244455,0.026955022109982296,0.00044117532573784146,49.70520199276507,1,0.0244643693252678,False,False,online_clearance_failed;verification_checks_failed:distance_ok;insufficient_clearance_improvement
x,-0.02999999999999986,0.05987288479986766,0.5,upperArm_Link,0.08782325417183712,0.0359682450800079,0.0359682450800079,0.0,25.916643004165962,0,0.0,False,False,online_clearance_failed;verification_checks_failed:distance_ok;no_accepted_repair_step;insufficient_clearance_improvement;candidate_motion_indistinguishable_from_reference
x,-0.01999999999999985,0.06917421091418965,0.5,upperArm_Link,0.0969138412364689,0.0454588373132469,0.0454588373132469,0.0,26.494235993595794,0,0.0,False,False,online_clearance_failed;verification_checks_failed:distance_ok;no_accepted_repair_step;insufficient_clearance_improvement;candidate_motion_indistinguishable_from_reference
x,-0.009999999999999842,0.0785173967604458,0.5,upperArm_Link,0.10605467429728738,0.05498222030129424,0.05498222030129424,0.0,27.588824013946578,0,0.0,False,False,online_clearance_failed;verification_checks_failed:distance_ok;no_accepted_repair_step;insufficient_clearance_improvement;candidate_motion_indistinguishable_from_reference
x,1.6653345369377348e-16,0.08789890357738475,0.5,upperArm_Link,0.11524186917069862,0.06453539481747844,0.06453539481747844,0.0,27.649122988805175,0,0.0,False,False,online_clearance_failed;verification_checks_failed:distance_ok;no_accepted_repair_step;insufficient_clearance_improvement;candidate_motion_indistinguishable_from_reference
x,0.010000000000000175,0.09731556831087099,0.5,upperArm_Link,0.12447191510147171,0.07411570877716434,0.07483747723430634,0.0007217684571420024,52.320515998872,1,0.028879560532392157,False,False,online_clearance_failed;verification_checks_failed:distance_ok;insufficient_clearance_improvement
x,0.020000000000000184,0.10676455665507531,0.5,upperArm_Link,0.13374163301652625,0.08372080951545968,0.0846254252021964,0.0009046156867367205,66.55103599769063,1,0.029052439820379417,False,False,online_clearance_failed;verification_checks_failed:distance_ok;insufficient_clearance_improvement
x,0.030000000000000193,0.1162433227148765,0.5,upperArm_Link,0.1430481389533721,0.0933486035483847,0.09500676105433187,0.0016581575059471665,52.565309015335515,1,0.020855415457115223,False,False,insufficient_clearance_improvement
x,0.0400000000000002,0.12574957426989072,0.5,upperArm_Link,0.15238881198130577,0.09697998915291611,0.09921562875159656,0.00223563959868045,52.91250502341427,1,0.03216250942398302,False,False,insufficient_clearance_improvement
x,0.05000000000000021,0.1346854944411884,0.5,left_link,0.1617612660242954,0.10085037572887506,0.10350004543646191,0.0026496697075868436,53.95786900771782,1,0.030316060767063613,False,False,insufficient_clearance_improvement
x,0.06000000000000022,0.13891841747745007,0.5,left_link,0.16692590826444914,0.10499463266206227,0.10732004022475827,0.0023254075626960025,52.87109999335371,1,0.03186975990158336,False,False,insufficient_clearance_improvement
x,0.07000000000000023,0.14338947562177742,0.5,left_link,0.17152224845601832,0.10940195015149806,0.10940195015149806,0.0,29.073789017274976,0,0.0,False,False,no_accepted_repair_step;insufficient_clearance_improvement;candidate_motion_indistinguishable_from_reference
x,0.08000000000000024,0.14808952999280253,0.5,left_link,0.17632977541071787,0.1140614469484218,0.11479888865416049,0.000737441705738695,52.68026597332209,1,0.025500000000000078,False,False,insufficient_clearance_improvement
x,0.09000000000000025,0.1530094705615773,0.5,left_link,0.18134044404090371,0.11896226157001022,0.1295031072215423,0.010540845651532071,46.50419601239264,1,0.016996519642320407,True,False,
x,0.10000000000000026,0.15814027113555892,0.5,left_link,0.18654629813886253,0.12409363219963859,0.13455304273536145,0.010459410535722857,46.51539199403487,1,0.017033701229716036,True,False,
x,0.11000000000000026,0.16347303699319912,0.5,left_link,0.19193950537909954,0.12944496520156412,0.13982178792218652,0.010376822720622403,46.86920900712721,1,0.01706506938556651,True,False,
x,0.12000000000000027,0.16899904535975088,0.5,left_link,0.19751238711094926,0.13500589254246714,0.1452994230899438,0.01029353054747667,46.513183013303205,1,0.017090849354745585,True,False,
x,0.13000000000000028,0.17470977906415333,0.5,left_link,0.20325744321000894,0.14076631869117467,0.15008765276614505,0.009321334074970378,45.50922999624163,1,0.015523621847025715,True,False,
x,0.1400000000000003,0.18059695382594101,0.5,left_link,0.20916737231997867,0.14671645776617626,0.15596632414520856,0.009249866379032301,50.00340798869729,1,0.015544246274726059,True,False,
x,0.1500000000000003,0.18665253969410114,0.5,left_link,0.2152350878581789,0.15284686182713364,0.16302575998759516,0.010178898160461525,45.453077007550746,1,0.017387914091822942,True,False,
x,0.1600000000000003,0.19286877720164772,0.5,left_link,0.22057130530720787,0.15914844127250627,0.16924892132727182,0.010100480054765548,45.464523980626836,1,0.017401366750817493,True,False,
x,0.17000000000000032,0.19923818881573238,0.5,left_link,0.22605245213479158,0.1656124783223717,0.17563542313263963,0.010022944810267942,45.72536697378382,1,0.017410385437006903,True,False,
x,0.18000000000000033,0.2057535862586519,0.5,left_link,0.23168209525220312,0.17223063454487647,0.1821771247927758,0.009946490247899342,45.383216987829655,1,0.017415172882434327,True,False,
x,0.19000000000000034,0.21240807425506245,0.5,left_link,0.2374549763944525,0.1789949533368489,0.18886623672147057,0.009871283384621676,45.22842000005767,1,0.01741593074361547,True,False,
x,0.20000000000000034,0.21872527959955598,0.5,gripper_base_link,0.24336595810968709,0.18589785820287658,0.1956953212705988,0.009797463067722223,45.58328998973593,1,0.01741285873995746,True,False,
