t_s,q1_rad,q2_rad,q3_rad,q4_rad,q5_rad,q6_rad,qd1_rad_s,qd2_rad_s,qd3_rad_s,qd4_rad_s,qd5_rad_s,qd6_rad_s,qdd1_rad_s2,qdd2_rad_s2,qdd3_rad_s2,qdd4_rad_s2,qdd5_rad_s2,qdd6_rad_s2
0.000000,0.90639907,-0.12385096,1.43696105,-0.00989267,1.57079637,0.90639544,0.00000000,0.00000000,0.00000000,0.00000000,0.00000000,0.00000000,0.00000000,0.00000000,0.00000000,0.00000000,0.00000000,0.00000000
0.010000,0.90638959,-0.12385044,1.43696345,-0.00988493,1.57080484,0.90639544,-0.00279674,0.00015369,0.00070705,0.00228434,0.00250000,0.00000000,-0.54094965,0.02972739,0.13675898,0.44184008,0.48355395,0.00000000
0.020000,0.90632691,-0.12384700,1.43697930,-0.00983373,1.57086088,0.90639544,-0.01046391,0.00057503,0.00264541,0.00854677,0.00935367,-0.00000000,-0.97537440,0.05360081,0.24658710,0.79667211,0.87188547,0.00000000
0.030000,0.90616751,-0.12383824,1.43701960,-0.00970354,1.57100336,0.90639544,-0.02197488,0.00120761,0.00555553,0.01794878,0.01964331,0.00000000,-1.31099679,0.07204463,0.33143673,1.07080377,1.17189773,-0.00000000
0.040000,0.90587777,-0.12382232,1.43709285,-0.00946688,1.57126236,0.90639544,-0.03638025,0.00199924,0.00919739,0.02971487,0.03252024,-0.00000000,-1.55553937,0.08548324,0.39326022,1.27054272,1.39049392,0.00000000
0.050000,0.90543318,-0.12379788,1.43720525,-0.00910374,1.57165978,0.90639544,-0.05280781,0.00290201,0.01335049,0.04313268,0.04720481,0.00000000,-1.71672469,0.09434103,0.43400993,1.40219663,1.53457720,0.00000000
0.060000,0.90481753,-0.12376405,1.43736089,-0.00860089,1.57221010,0.90639544,-0.07046262,0.00387221,0.01781385,0.05755288,0.06298642,0.00000000,-1.80227531,0.09904239,0.45563821,1.47207317,1.61105075,0.00000000
0.070000,0.90402223,-0.12372035,1.43756195,-0.00795130,1.57292102,0.90639544,-0.08862695,0.00487041,0.02240602,0.07238924,0.07922347,-0.00000000,-1.81991377,0.10001169,0.46009744,1.48648001,1.62681773,0.00000000
0.080000,0.90304544,-0.12366667,1.43780890,-0.00715347,1.57379417,0.90639544,-0.10666027,0.00586142,0.02696508,0.08711861,0.09534343,0.00000000,-1.77736261,0.09767333,0.44933997,1.45172483,1.58878133,0.00000000
0.090000,0.90189135,-0.12360325,1.43810066,-0.00621083,1.57482581,0.90639544,-0.12399931,0.00681427,0.03134861,0.10128089,0.11084276,0.00000000,-1.68234440,0.09245170,0.42531815,1.37411529,1.50384472,0.00000000
0.100000,0.90056940,-0.12353060,1.43843487,-0.00513108,1.57600751,0.90639544,-0.14015801,0.00770225,0.03543373,0.11447909,0.12528700,-0.00000000,-1.54258168,0.08477116,0.38998435,1.25995906,1.37891107,0.00000000
0.110000,0.89909350,-0.12344949,1.43880800,-0.00392558,1.57732681,0.90639544,-0.15472753,0.00850291,0.03911710,0.12637928,0.13831067,0.00000000,-1.36579700,0.07505612,0.34529092,1.11556381,1.22088355,0.00000000
0.120000,0.89748126,-0.12336089,1.43921559,-0.00260873,1.57876799,0.90639544,-0.16737628,0.00919801,0.04231486,0.13671060,0.14961737,0.00000000,-1.15971291,0.06373096,0.29319023,0.94723722,1.03666534,0.00000000
0.130000,0.89575323,-0.12326593,1.43965246,-0.00119730,1.58031267,0.90639544,-0.17784987,0.00977358,0.04496272,0.14526528,0.15897969,0.00000000,-0.93205196,0.05122006,0.23563464,0.76128695,0.83315961,0.00000000
0.140000,0.89393211,-0.12316585,1.44011286,0.00029017,1.58194056,0.90639544,-0.18597114,0.01021987,0.04701588,0.15189862,0.16623928,0.00000000,-0.69053669,0.03794781,0.17457649,0.56402067,0.61726954,0.00000000
0.150000,0.89204199,-0.12306198,1.44059071,0.00183399,1.58363014,0.90639544,-0.19164016,0.01053141,0.04844908,0.15652900,0.17130681,0.00000000,-0.44288966,0.02433860,0.11196816,0.36174606,0.39589829,0.00000000
0.160000,0.89010757,-0.12295568,1.44107976,0.00341400,1.58535932,0.90639544,-0.19483424,0.01070694,0.04925658,0.15913787,0.17416198,-0.00000000,-0.19683342,0.01081680,0.04976200,0.16077078,0.17594905,-0.00000000
0.170000,0.88815338,-0.12284829,1.44157380,0.00501015,1.58710616,0.90639544,-0.19560788,0.01074945,0.04945217,0.15976977,0.17485354,0.00000000,0.03990948,-0.00219319,-0.01008963,-0.03259750,-0.03567501,0.00000000
0.180000,0.88620305,-0.12274111,1.44206687,0.00660316,1.58884956,0.90639544,-0.19409283,0.01066619,0.04906915,0.15853230,0.17349924,-0.00000000,0.25961650,-0.01426699,-0.06563437,-0.21205111,-0.23207073,0.00000000
0.190000,0.88427847,-0.12263535,1.44255343,0.00817513,1.59056994,0.90639544,-0.19049808,0.01046865,0.04816035,0.15559615,0.17028590,0.00000000,0.45456508,-0.02498021,-0.11491986,-0.37128237,-0.40633493,0.00000000
0.200000,0.88239907,-0.12253207,1.44302856,0.00971019,1.59224993,0.90639544,-0.18510980,0.01017254,0.04679812,0.15119509,0.16546933,-0.00000000,0.61703267,-0.03390847,-0.15599374,-0.50398362,-0.55156443,0.00000000
0.210000,0.88058105,-0.12243216,1.44348818,0.01119512,1.59387505,0.90639544,-0.17828691,0.00979759,0.04507321,0.14562225,0.15937036,0.00000000,0.74110445,-0.04072672,-0.18736067,-0.60532371,-0.66247197,0.00000000
0.220000,0.87883684,-0.12233631,1.44392914,0.01261977,1.59543420,0.90639544,-0.17041131,0.00936480,0.04308216,0.13918957,0.15233037,0.00000000,0.82809641,-0.04550728,-0.20935335,-0.67637752,-0.74023393,0.00000000
0.230000,0.87717515,-0.12224499,1.44434924,0.01397702,1.59691958,0.90639544,-0.16183817,0.00889367,0.04091476,0.13218715,0.14466686,0.00000000,0.88113230,-0.04842182,-0.22276150,-0.71969649,-0.78764262,0.00000000
0.240000,0.87560132,-0.12215850,1.44474712,0.01526250,1.59832643,0.90639544,-0.15289144,0.00840201,0.03865291,0.12487958,0.13666939,-0.00000000,0.90333583,-0.04964199,-0.22837483,-0.73783203,-0.80749032,0.00000000
0.250000,0.87411759,-0.12207696,1.44512223,0.01647439,1.59965273,0.90639544,-0.14386382,0.00790590,0.03637061,0.11750595,0.12859962,0.00000000,0.89783074,-0.04933947,-0.22698308,-0.73333555,-0.80256933,0.00000000
0.260000,0.87272344,-0.12200035,1.44547469,0.01761312,1.60089896,0.90639544,-0.13501678,0.00741972,0.03413397,0.11027981,0.12069126,-0.00000000,0.86774076,-0.04768590,-0.21937595,-0.70875847,-0.77567195,0.00000000
0.270000,0.87141588,-0.12192849,1.44580525,0.01868111,1.60206779,0.90639544,-0.12658054,0.00695612,0.03200118,0.10338921,0.11315012,-0.00000000,0.81618961,-0.04485295,-0.20634316,-0.66665221,-0.72959046,0.00000000
0.280000,0.87018979,-0.12186112,1.44611522,0.01968256,1.60316379,0.90639544,-0.11875411,0.00652602,0.03002256,0.09699669,0.10615409,0.00000000,0.74630102,-0.04101229,-0.18867443,-0.60956819,-0.66711717,0.00000000
0.290000,0.86903820,-0.12179783,1.44640636,0.02062316,1.60419319,0.90639544,-0.11170523,0.00613866,0.02824051,0.09123927,0.09985311,0.00000000,0.66119871,-0.03633557,-0.16715948,-0.54005783,-0.59104437,-0.00000000
0.300000,0.86795263,-0.12173818,1.44668081,0.02150984,1.60516357,0.90639544,-0.10557043,0.00580153,0.02668955,0.08622845,0.09436923,-0.00000000,0.56400643,-0.03099446,-0.14258803,-0.46067253,-0.50416436,-0.00000000
0.310000,0.86692339,-0.12168161,1.44694101,0.02235051,1.60608361,0.90639544,-0.10045499,0.00552041,0.02539630,0.08205023,0.08979654,0.00000000,0.45784788,-0.02516061,-0.11574979,-0.37396372,-0.40926942,0.00000000
0.320000,0.86593989,-0.12162757,1.44718965,0.02315382,1.60696277,0.90639544,-0.09643295,0.00529938,0.02437948,0.07876508,0.08620125,-0.00000000,0.34584681,-0.01900569,-0.08743449,-0.28248282,-0.30915186,-0.00000000
0.330000,0.86499094,-0.12157542,1.44742956,0.02392891,1.60781103,0.90639544,-0.09354712,0.00514080,0.02364991,0.07640797,0.08362161,-0.00000000,0.23112694,-0.01270137,-0.05843184,-0.18878124,-0.20660397,-0.00000000
0.340000,0.86406511,-0.12152454,1.44766362,0.02468511,1.60863862,0.90639544,-0.09180906,0.00504528,0.02321050,0.07498835,0.08206796,-0.00000000,0.11681200,-0.00641930,-0.02953156,-0.09541040,-0.10441804,-0.00000000
0.350000,0.86315100,-0.12147431,1.44789472,0.02543175,1.60945575,0.90639544,-0.09119912,0.00501176,0.02305630,0.07449016,0.08152273,-0.00000000,0.00602571,-0.00033114,-0.00152338,-0.00492172,-0.00538637,0.00000000
0.360000,0.86223754,-0.12142411,1.44812565,0.02617785,1.61027229,0.90639544,-0.09166637,0.00503744,0.02317443,0.07487181,0.08194041,-0.00000000,-0.09810819,0.00539145,0.02480300,0.08013340,0.08769874,-0.00000000
0.370000,0.86131435,-0.12137337,1.44835905,0.02693190,1.61109753,0.90639544,-0.09312869,0.00511780,0.02354412,0.07606621,0.08324758,-0.00000000,-0.19246599,0.01057679,0.04865786,0.15720352,0.17204501,0.00000000
0.380000,0.86037202,-0.12132159,1.44859728,0.02770158,1.61193987,0.90639544,-0.09547269,0.00524661,0.02413672,0.07798076,0.08534287,-0.00000000,-0.27392394,0.01505324,0.06925147,0.22373723,0.24486013,-0.00000000
0.390000,0.85940243,-0.12126831,1.44884240,0.02849352,1.61280658,0.90639544,-0.09855376,0.00541593,0.02491565,0.08049733,0.08809703,-0.00000000,-0.33935833,0.01864913,0.08579412,0.27718312,0.30335182,-0.00000000
0.400000,0.85839907,-0.12121317,1.44909607,0.02931305,1.61370349,0.90639544,-0.10219604,0.00561609,0.02583646,0.08347229,0.09135286,-0.00000000,-0.38564542,0.02119279,0.09749609,0.31498976,0.34472777,-0.00000000
0.410000,0.85735732,-0.12115592,1.44935943,0.03016394,1.61463470,0.90639544,-0.10619466,0.00583583,0.02684737,0.08673831,0.09492722,-0.00000000,-0.41055329,0.02256158,0.10379312,0.33533417,0.36699287,-0.00000000
0.420000,0.85627469,-0.12109642,1.44963314,0.03104822,1.61560247,0.90639544,-0.11034029,0.00606365,0.02789543,0.09012440,0.09863299,-0.00000000,-0.41541725,0.02282887,0.10502279,0.33930697,0.37134075,-0.00000000
0.430000,0.85515066,-0.12103465,1.44991731,0.03196631,1.61660723,0.90639544,-0.11444362,0.00628914,0.02893281,0.09347594,0.10230095,-0.00000000,-0.40246438,0.02211706,0.10174814,0.32872726,0.35976221,0.00000000
0.440000,0.85398652,-0.12097068,1.45021162,0.03291717,1.61764786,0.90639544,-0.11833761,0.00650314,0.02991726,0.09665650,0.10578178,-0.00000000,-0.37392180,0.02054853,0.09453221,0.30541408,0.33424804,0.00000000
0.450000,0.85278509,-0.12090466,1.45051535,0.03389847,1.61872181,0.90639544,-0.12187751,0.00669767,0.03081219,0.09954784,0.10894609,-0.00000000,-0.33201660,0.01824567,0.08393804,0.27118650,0.29678906,0.00000000
0.460000,0.85155056,-0.12083681,1.45082746,0.03490682,1.61982536,0.90639544,-0.12494082,0.00686601,0.03158664,0.10204991,0.11168438,-0.00000000,-0.27897590,0.01533086,0.07052867,0.22786360,0.24937607,0.00000000
0.470000,0.85028820,-0.12076744,1.45114660,0.03593790,1.62095378,0.90639544,-0.12742733,0.00700265,0.03221526,0.10408086,0.11390707,-0.00000000,-0.21702678,0.01192651,0.05486714,0.17726443,0.19399986,0.00000000
0.480000,0.84900420,-0.12069688,1.45147121,0.03698666,1.62210155,0.90639544,-0.12925909,0.00710331,0.03267835,0.10557701,0.11554447,-0.00000000,-0.14839636,0.00815499,0.03751649,0.12120806,0.13265124,0.00000000
0.490000,0.84770539,-0.12062551,1.45179957,0.03804750,1.62326255,0.90639544,-0.13038041,0.00716494,0.03296183,0.10649289,0.11654682,-0.00000000,-0.07531173,0.00413869,0.01903977,0.06151356,0.06732102,0.00000000
0.500000,0.84639907,-0.12055372,1.45212982,0.03911449,1.62443027,0.90639544,-0.13075790,0.00718568,0.03305727,0.10680122,0.11688426,-0.00000000,0.00000000,-0.00000000,0.00000000,0.00000000,0.00000000,0.00000000
0.510000,0.84509275,-0.12048193,1.45246008,0.04018147,1.62559798,0.90639544,-0.13038041,0.00716494,0.03296183,0.10649289,0.11654682,-0.00000000,0.07531173,-0.00413869,-0.01903977,-0.06151356,-0.06732102,0.00000000
0.520000,0.84379394,-0.12041056,1.45278843,0.04124232,1.62675898,0.90639544,-0.12925909,0.00710331,0.03267835,0.10557701,0.11554447,-0.00000000,0.14839636,-0.00815499,-0.03751649,-0.12120806,-0.13265124,0.00000000
0.530000,0.84250994,-0.12034000,1.45311304,0.04229107,1.62790675,0.90639544,-0.12742733,0.00700265,0.03221526,0.10408086,0.11390707,0.00000000,0.21702678,-0.01192651,-0.05486714,-0.17726443,-0.19399986,0.00000000
0.540000,0.84124758,-0.12027062,1.45343218,0.04332215,1.62903517,0.90639544,-0.12494082,0.00686601,0.03158664,0.10204991,0.11168438,0.00000000,0.27897590,-0.01533086,-0.07052867,-0.22786360,-0.24937607,0.00000000
0.550000,0.84001305,-0.12020278,1.45374429,0.04433050,1.63013872,0.90639544,-0.12187751,0.00669767,0.03081219,0.09954784,0.10894609,0.00000000,0.33201660,-0.01824567,-0.08393804,-0.27118650,-0.29678906,0.00000000
0.560000,0.83881162,-0.12013676,1.45404802,0.04531181,1.63121267,0.90639544,-0.11833761,0.00650314,0.02991726,0.09665650,0.10578178,0.00000000,0.37392180,-0.02054853,-0.09453221,-0.30541408,-0.33424804,0.00000000
0.570000,0.83764748,-0.12007278,1.45434234,0.04626266,1.63225330,0.90639544,-0.11444362,0.00628914,0.02893281,0.09347594,0.10230095,0.00000000,0.40246438,-0.02211706,-0.10174814,-0.32872726,-0.35976221,0.00000000
0.580000,0.83652345,-0.12001101,1.45462650,0.04718075,1.63325806,0.90639544,-0.11034029,0.00606365,0.02789543,0.09012440,0.09863299,0.00000000,0.41541725,-0.02282887,-0.10502279,-0.33930697,-0.37134075,0.00000000
0.590000,0.83544082,-0.11995152,1.45490021,0.04806503,1.63422583,0.90639544,-0.10619466,0.00583583,0.02684737,0.08673831,0.09492722,0.00000000,0.41055329,-0.02256158,-0.10379312,-0.33533417,-0.36699287,0.00000000
0.600000,0.83439907,-0.11989427,1.45516357,0.04891592,1.63515704,0.90639544,-0.10219604,0.00561609,0.02583646,0.08347229,0.09135286,0.00000000,0.38564542,-0.02119279,-0.09749609,-0.31498976,-0.34472777,0.00000000
0.610000,0.83339571,-0.11983913,1.45541724,0.04973545,1.63605395,0.90639544,-0.09855376,0.00541593,0.02491565,0.08049733,0.08809703,0.00000000,0.33935833,-0.01864913,-0.08579412,-0.27718312,-0.30335182,0.00000000
0.620000,0.83242612,-0.11978585,1.45566236,0.05052740,1.63692066,0.90639544,-0.09547269,0.00524661,0.02413672,0.07798076,0.08534287,0.00000000,0.27392394,-0.01505324,-0.06925147,-0.22373723,-0.24486013,0.00000000
0.630000,0.83148379,-0.11973406,1.45590059,0.05129708,1.63776301,0.90639544,-0.09312869,0.00511780,0.02354412,0.07606621,0.08324758,0.00000000,0.19246599,-0.01057679,-0.04865786,-0.15720352,-0.17204501,0.00000000
0.640000,0.83056061,-0.11968333,1.45613399,0.05205112,1.63858824,0.90639544,-0.09166637,0.00503744,0.02317443,0.07487181,0.08194041,0.00000000,0.09810819,-0.00539145,-0.02480300,-0.08013340,-0.08769874,-0.00000000
0.650000,0.82964715,-0.11963313,1.45636492,0.05279722,1.63940478,0.90639544,-0.09119912,0.00501176,0.02305630,0.07449016,0.08152273,0.00000000,-0.00602571,0.00033114,0.00152338,0.00492172,0.00538637,-0.00000000
0.660000,0.82873303,-0.11958290,1.45659602,0.05354386,1.64022191,0.90639544,-0.09180906,0.00504528,0.02321050,0.07498835,0.08206796,0.00000000,-0.11681200,0.00641930,0.02953156,0.09541040,0.10441804,-0.00000000
0.670000,0.82780720,-0.11953202,1.45683008,0.05430006,1.64104951,0.90639544,-0.09354712,0.00514080,0.02364991,0.07640797,0.08362161,0.00000000,-0.23112694,0.01270137,0.05843184,0.18878124,0.20660397,-0.00000000
0.680000,0.82685826,-0.11947987,1.45706999,0.05507515,1.64189776,0.90639544,-0.09643295,0.00529938,0.02437948,0.07876508,0.08620125,0.00000000,-0.34584681,0.01900569,0.08743449,0.28248282,0.30915186,-0.00000000
0.690000,0.82587475,-0.11942582,1.45731863,0.05587846,1.64277692,0.90639544,-0.10045499,0.00552041,0.02539630,0.08205023,0.08979654,0.00000000,-0.45784788,0.02516061,0.11574979,0.37396372,0.40926942,-0.00000000
0.700000,0.82484551,-0.11936926,1.45757884,0.05671913,1.64369696,0.90639544,-0.10557043,0.00580153,0.02668955,0.08622845,0.09436923,0.00000000,-0.56400643,0.03099446,0.14258803,0.46067253,0.50416436,-0.00000000
0.710000,0.82375994,-0.11930961,1.45785328,0.05760581,1.64466734,0.90639544,-0.11170523,0.00613866,0.02824051,0.09123927,0.09985311,-0.00000000,-0.66119871,0.03633557,0.16715948,0.54005783,0.59104437,-0.00000000
0.720000,0.82260835,-0.11924632,1.45814442,0.05854641,1.64569675,0.90639544,-0.11875411,0.00652602,0.03002256,0.09699669,0.10615409,0.00000000,-0.74630102,0.04101229,0.18867443,0.60956819,0.66711717,-0.00000000
0.730000,0.82138226,-0.11917894,1.45845439,0.05954786,1.64679275,0.90639544,-0.12658054,0.00695612,0.03200118,0.10338921,0.11315012,-0.00000000,-0.81618961,0.04485295,0.20634316,0.66665221,0.72959046,-0.00000000
0.740000,0.82007471,-0.11910709,1.45878496,0.06061586,1.64796157,0.90639544,-0.13501678,0.00741972,0.03413397,0.11027981,0.12069126,-0.00000000,-0.86774076,0.04768590,0.21937595,0.70875847,0.77567195,-0.00000000
0.750000,0.81868056,-0.11903047,1.45913742,0.06175458,1.64920780,0.90639544,-0.14386382,0.00790590,0.03637061,0.11750595,0.12859962,-0.00000000,-0.89783074,0.04933947,0.22698308,0.73333555,0.80256933,-0.00000000
0.760000,0.81719683,-0.11894894,1.45951252,0.06296647,1.65053410,0.90639544,-0.15289144,0.00840201,0.03865291,0.12487958,0.13666939,-0.00000000,-0.90333583,0.04964199,0.22837483,0.73783203,0.80749032,-0.00000000
0.770000,0.81562299,-0.11886245,1.45991041,0.06425195,1.65194095,0.90639544,-0.16183817,0.00889367,0.04091476,0.13218715,0.14466686,-0.00000000,-0.88113230,0.04842182,0.22276150,0.71969649,0.78764262,-0.00000000
0.780000,0.81396130,-0.11877113,1.46033050,0.06560920,1.65342633,0.90639544,-0.17041131,0.00936480,0.04308216,0.13918957,0.15233037,-0.00000000,-0.82809641,0.04550728,0.20935335,0.67637752,0.74023393,-0.00000000
0.790000,0.81221709,-0.11867528,1.46077146,0.06703385,1.65498548,0.90639544,-0.17828691,0.00979759,0.04507321,0.14562225,0.15937036,-0.00000000,-0.74110445,0.04072672,0.18736067,0.60532371,0.66247197,-0.00000000
0.800000,0.81039907,-0.11857537,1.46123108,0.06851878,1.65661060,0.90639544,-0.18510980,0.01017254,0.04679812,0.15119509,0.16546933,-0.00000000,-0.61703267,0.03390847,0.15599374,0.50398362,0.55156443,-0.00000000
0.810000,0.80851968,-0.11847209,1.46170622,0.07005384,1.65829059,0.90639544,-0.19049808,0.01046865,0.04816035,0.15559615,0.17028590,-0.00000000,-0.45456508,0.02498021,0.11491986,0.37128237,0.40633493,0.00000000
0.820000,0.80659510,-0.11836633,1.46219277,0.07162581,1.66001097,0.90639544,-0.19409283,0.01066619,0.04906915,0.15853230,0.17349924,-0.00000000,-0.25961650,0.01426699,0.06563437,0.21205111,0.23207073,0.00000000
0.830000,0.80464476,-0.11825915,1.46268584,0.07321882,1.66175437,0.90639544,-0.19560788,0.01074945,0.04945217,0.15976977,0.17485354,-0.00000000,-0.03990948,0.00219319,0.01008963,0.03259750,0.03567501,0.00000000
0.840000,0.80269058,-0.11815176,1.46317989,0.07481497,1.66350121,0.90639544,-0.19483424,0.01070694,0.04925658,0.15913787,0.17416198,-0.00000000,0.19683342,-0.01081680,-0.04976200,-0.16077078,-0.17594905,0.00000000
0.850000,0.80075615,-0.11804545,1.46366893,0.07639498,1.66523039,0.90639544,-0.19164016,0.01053141,0.04844908,0.15652900,0.17130681,-0.00000000,0.44288966,-0.02433860,-0.11196816,-0.36174606,-0.39589829,0.00000000
0.860000,0.79886603,-0.11794158,1.46414678,0.07793881,1.66691997,0.90639544,-0.18597114,0.01021987,0.04701588,0.15189862,0.16623928,-0.00000000,0.69053669,-0.03794781,-0.17457649,-0.56402067,-0.61726954,0.00000000
0.870000,0.79704491,-0.11784151,1.46460718,0.07942627,1.66854786,0.90639544,-0.17784987,0.00977358,0.04496272,0.14526528,0.15897969,-0.00000000,0.93205196,-0.05122006,-0.23563464,-0.76128695,-0.83315961,0.00000000
0.880000,0.79531688,-0.11774654,1.46504405,0.08083770,1.67009254,0.90639544,-0.16737628,0.00919801,0.04231486,0.13671060,0.14961737,-0.00000000,1.15971291,-0.06373096,-0.29319023,-0.94723722,-1.03666534,0.00000000
0.890000,0.79370465,-0.11765795,1.46545164,0.08215455,1.67153372,0.90639544,-0.15472753,0.00850291,0.03911710,0.12637928,0.13831067,-0.00000000,1.36579700,-0.07505612,-0.34529092,-1.11556381,-1.22088355,0.00000000
0.900000,0.79222874,-0.11757684,1.46582477,0.08336005,1.67285303,0.90639544,-0.14015801,0.00770225,0.03543373,0.11447909,0.12528700,0.00000000,1.54258168,-0.08477116,-0.38998435,-1.25995906,-1.37891107,0.00000000
0.910000,0.79090679,-0.11750419,1.46615898,0.08443980,1.67403472,0.90639544,-0.12399931,0.00681427,0.03134861,0.10128089,0.11084276,0.00000000,1.68234440,-0.09245170,-0.42531815,-1.37411529,-1.50384472,0.00000000
0.920000,0.78975270,-0.11744077,1.46645075,0.08538245,1.67506636,0.90639544,-0.10666027,0.00586142,0.02696508,0.08711861,0.09534343,0.00000000,1.77736261,-0.09767333,-0.44933997,-1.45172483,-1.58878133,0.00000000
0.930000,0.78877591,-0.11738709,1.46669769,0.08618028,1.67593951,0.90639544,-0.08862695,0.00487041,0.02240602,0.07238924,0.07922347,0.00000000,1.81991377,-0.10001169,-0.46009744,-1.48648001,-1.62681773,0.00000000
0.940000,0.78798061,-0.11734339,1.46689875,0.08682987,1.67665043,0.90639544,-0.07046262,0.00387221,0.01781385,0.05755288,0.06298642,0.00000000,1.80227531,-0.09904239,-0.45563821,-1.47207317,-1.61105075,0.00000000
0.950000,0.78736497,-0.11730955,1.46705440,0.08733271,1.67720075,0.90639544,-0.05280781,0.00290201,0.01335049,0.04313268,0.04720481,0.00000000,1.71672469,-0.09434103,-0.43400993,-1.40219663,-1.53457720,0.00000000
0.960000,0.78692037,-0.11728512,1.46716680,0.08769585,1.67759817,0.90639544,-0.03638025,0.00199924,0.00919739,0.02971487,0.03252024,0.00000000,1.55553937,-0.08548324,-0.39326022,-1.27054272,-1.39049392,0.00000000
0.970000,0.78663063,-0.11726920,1.46724005,0.08793251,1.67785717,0.90639544,-0.02197488,0.00120761,0.00555553,0.01794878,0.01964331,0.00000000,1.31099679,-0.07204463,-0.33143673,-1.07080377,-1.17189773,0.00000000
0.980000,0.78647123,-0.11726044,1.46728034,0.08806270,1.67799966,0.90639544,-0.01046391,0.00057503,0.00264541,0.00854677,0.00935367,0.00000000,0.97537440,-0.05360081,-0.24658710,-0.79667211,-0.87188547,-0.00000000
0.990000,0.78640855,-0.11725699,1.46729619,0.08811390,1.67805569,0.90639544,-0.00279674,0.00015369,0.00070705,0.00228434,0.00250000,0.00000000,0.54094965,-0.02972739,-0.13675898,-0.44184008,-0.48355395,0.00000000
1.000000,0.78639907,-0.11725647,1.46729859,0.08812164,1.67806416,0.90639544,0.00000000,0.00000000,0.00000000,0.00000000,0.00000000,0.00000000,0.00000000,0.00000000,0.00000000,0.00000000,0.00000000,0.00000000
1.010000,0.78640574,-0.11725450,1.46729910,0.08811451,1.67805598,0.90639295,0.00197184,0.00058404,0.00015188,-0.00210981,-0.00241987,-0.00073570,0.38312884,0.11367123,0.02968461,-0.41008843,-0.47037433,-0.14316056
1.020000,0.78645017,-0.11724131,1.46730255,0.08806695,1.67800142,0.90637634,0.00744452,0.00221249,0.00058018,-0.00797133,-0.00914355,-0.00278591,0.70084105,0.20906234,0.05531562,-0.75104551,-0.86156794,-0.26312954
1.030000,0.78656418,-0.11720736,1.46731149,0.08794482,1.67786133,0.90633360,0.01578405,0.00470792,0.00124535,-0.01691434,-0.01940337,-0.00592554,0.95716940,0.28724410,0.07709246,-1.02708880,-1.17840575,-0.36127433
1.040000,0.78677343,-0.11714482,1.46732812,0.08772049,1.67760397,0.90625491,0.02639674,0.00790358,0.00210985,-0.02831079,-0.03247990,-0.00994320,1.15614665,0.34928728,0.09521451,-1.24243587,-1.42571271,-0.43896235
1.050000,0.78709784,-0.11704748,1.46735423,0.08737238,1.67720458,0.90613247,0.03872925,0.01164344,0.00313812,-0.04157480,-0.04770194,-0.01464116,1.30180556,0.39626266,0.10988117,-1.40130428,-1.60831376,-0.49756101
1.060000,0.78755203,-0.11691062,1.46739131,0.08688458,1.67664486,0.90596043,0.05226856,0.01578217,0.00429662,-0.05616267,-0.06444657,-0.01983535,1.39817889,0.42924101,0.12129186,-1.50791158,-1.73103384,-0.53843771
1.070000,0.78814566,-0.11673095,1.46744050,0.08624639,1.67591250,0.90573468,0.06654199,0.02018517,0.00555377,-0.07157288,-0.08213910,-0.02535540,1.44929940,0.44929311,0.12964597,-1.56647536,-1.79869790,-0.56295987
1.080000,0.78888387,-0.11650645,1.46750262,0.08545192,1.67500068,0.90545276,0.08111715,0.02472852,0.00688001,-0.08734609,-0.10025309,-0.03104459,1.45919984,0.45748972,0.13514290,-1.58121316,-1.81613087,-0.57249489
1.090000,0.78976769,-0.11623630,1.46757823,0.08449966,1.67390763,0.90511370,0.09560203,0.02929902,0.00824777,-0.10306512,-0.11831036,-0.03675990,1.43191298,0.45490164,0.13798206,-1.55634256,-1.78815770,-0.56841019
1.100000,0.79079443,-0.11592073,1.46766763,0.08339205,1.67263610,0.90471791,0.10964490,0.03379417,0.00963146,-0.11835497,-0.13588097,-0.04237195,1.37147159,0.44259961,0.13836284,-1.49608112,-1.71960333,-0.55207317
1.110000,0.79195808,-0.11556097,1.46777084,0.08213510,1.67119291,0.90426699,0.12293439,0.03812220,0.01100750,-0.13288283,-0.15258324,-0.04776508,1.28190840,0.42165444,0.13648465,-1.40464640,-1.61529269,-0.52485124
1.120000,0.79324970,-0.11515911,1.46788768,0.08073791,1.66958845,0.90376368,0.13519944,0.04220202,0.01235429,-0.14635805,-0.16808372,-0.05283725,1.16725620,0.39313687,0.13254689,-1.28625596,-1.48005074,-0.48811180
1.130000,0.79465788,-0.11471799,1.46801776,0.07921228,1.66783620,0.90321162,0.14620932,0.04596326,0.01365223,-0.15853215,-0.18209723,-0.05750015,1.03154773,0.35811770,0.12674896,-1.14512737,-1.31870240,-0.44322228
1.140000,0.79616907,-0.11424111,1.46816050,0.07757230,1.66595226,0.90261529,0.15577364,0.04934627,0.01488373,-0.16919886,-0.19438683,-0.06167909,0.87881577,0.31766769,0.11929026,-0.98547819,-1.13607263,-0.39155008
1.150000,0.79776803,-0.11373249,1.46831516,0.07583388,1.66395484,0.90197985,0.16374233,0.05230208,0.01603317,-0.17819404,-0.20476383,-0.06531310,0.71309305,0.27285763,0.11037019,-0.81152599,-0.93698636,-0.33446260
1.160000,0.79943822,-0.11319662,1.46848085,0.07401440,1.66186383,0.90131100,0.17000565,0.05479246,0.01708693,-0.18539576,-0.21308779,-0.06835485,0.53841236,0.22475827,0.10018816,-0.62748833,-0.72626854,-0.27332726
1.170000,0.80116222,-0.11263829,1.46865654,0.07213221,1.65970024,0.90061484,0.17449416,0.05678985,0.01803339,-0.19072425,-0.21926651,-0.07077071,0.35880644,0.17444040,0.08894357,-0.43758277,-0.50874411,-0.20951146
1.180000,0.80292209,-0.11206252,1.46884112,0.07020629,1.65748580,0.89989774,0.17717880,0.05827744,0.01886292,-0.19414191,-0.22325606,-0.07254070,0.17830806,0.12297479,0.07683582,-0.24602688,-0.28923800,-0.14438262
1.190000,0.80469982,-0.11147446,1.46903338,0.06825573,1.65524241,0.89916620,0.17807079,0.05924909,0.01956789,-0.19565334,-0.22506075,-0.07365854,0.00094998,0.07143222,0.06406430,-0.05703822,-0.07257516,-0.07930814
1.200000,0.80647770,-0.11087925,1.46923205,0.06629942,1.65299170,0.89842672,0.17722171,0.05970940,0.02014266,-0.19530529,-0.22473313,-0.07413160,-0.16923505,0.02088346,0.05082843,0.12516564,0.13641947,-0.01565543
1.210000,0.80823875,-0.11028193,1.46943579,0.06435554,1.65075452,0.89768565,0.17472344,0.05967364,0.02058358,-0.19318670,-0.22237400,-0.07398095,-0.32821425,-0.02760072,0.03732760,0.29636715,0.33292095,0.04520810
1.220000,0.80996710,-0.10968734,1.46964327,0.06244116,1.64855050,0.89694907,0.17070822,0.05916783,0.02088899,-0.18942868,-0.21813244,-0.07324130,-0.47195489,-0.07294955,0.02376121,0.45234873,0.51210433,0.10191504
1.230000,0.81164843,-0.10910002,1.46985312,0.06057185,1.64639750,0.89622263,0.16534858,0.05822867,0.02105925,-0.18420452,-0.21220573,-0.07196106,-0.59642418,-0.11409224,0.01032868,0.58889283,0.66914468,0.15309797
1.240000,0.81327030,-0.10852406,1.47006401,0.05876124,1.64431119,0.89551144,0.15885742,0.05690358,0.02109668,-0.17772968,-0.20483944,-0.07020231,-0.69758938,-0.14995803,-0.00277062,0.70178188,0.79921706,0.19738950
1.250000,0.81482264,-0.10796304,1.47027463,0.05702057,1.64230453,0.89481993,0.15148792,0.05525067,0.02100561,-0.17026179,-0.19632736,-0.06804080,-0.77141773,-0.17947613,-0.01533726,0.78679832,0.89749652,0.23342222
1.260000,0.81629810,-0.10741991,1.47048371,0.05535833,1.64038733,0.89415168,0.14353087,0.05333812,0.02079230,-0.16209785,-0.18700833,-0.06556509,-0.81498035,-0.20184062,-0.02720102,0.84085683,0.96045051,0.26017167
1.270000,0.81769230,-0.10689690,1.47069009,0.05377992,1.63856589,0.89350937,0.13528424,0.05123686,0.02046411,-0.15354304,-0.17723065,-0.06286715,-0.82976395,-0.21730488,-0.03830836,0.86540105,0.98971608,0.27798530
1.280000,0.81900374,-0.10639558,1.47089264,0.05228783,1.63684317,0.89289479,0.12702288,0.04901330,0.02002874,-0.14487962,-0.16731654,-0.06003287,-0.81835913,-0.22638716,-0.04863491,0.86300689,0.98822265,0.28755350
1.290000,0.82023354,-0.10591684,1.47109033,0.05088183,1.63521904,0.89230890,0.11899572,0.04672866,0.01949410,-0.13636411,-0.15755896,-0.05714126,-0.78335650,-0.22960567,-0.05815629,0.83625024,0.95889964,0.28956667
1.300000,0.82138518,-0.10546102,1.47128222,0.04955928,1.63369059,0.89175191,0.11142578,0.04443900,0.01886837,-0.12822724,-0.14822155,-0.05426442,-0.72734664,-0.22747865,-0.06684814,0.78770699,0.90467649,0.28471521
1.310000,0.82246424,-0.10502791,1.47146742,0.04831534,1.63225242,0.89122334,0.10451018,0.04219518,0.01815998,-0.12067400,-0.13953867,-0.05146754,-0.65292015,-0.22052432,-0.07468607,0.71995305,0.82848263,0.27368951
1.320000,0.82347814,-0.10461681,1.47164517,0.04714325,1.63089694,0.89072210,0.09842013,0.04004288,0.01737758,-0.11388363,-0.13171537,-0.04880891,-0.56266764,-0.20926093,-0.08164573,0.63556431,0.73324747,0.25717999
1.330000,0.82443588,-0.10422661,1.47181476,0.04603461,1.62961466,0.89024653,0.09330094,0.03802260,0.01653008,-0.10800958,-0.12492742,-0.04633992,-0.45917971,-0.19420670,-0.08770274,0.53711666,0.62190047,0.23587703
1.340000,0.82534779,-0.10385580,1.47197559,0.04497958,1.62839445,0.88979452,0.08927202,0.03616965,0.01562662,-0.10317957,-0.11932130,-0.04410505,-0.34504694,-0.17587987,-0.09283273,0.42718600,0.49737103,0.21047103
1.350000,0.82622527,-0.10350256,1.47212714,0.04396719,1.62722390,0.88936352,0.08642685,0.03451418,0.01467659,-0.09949555,-0.11501418,-0.04214187,-0.22285995,-0.15479865,-0.09701132,0.30834823,0.36258859,0.18165239
1.360000,0.82708050,-0.10316478,1.47226899,0.04298559,1.62608954,0.88895067,0.08483303,0.03308114,0.01368964,-0.09703371,-0.11209394,-0.04048107,-0.09520932,-0.13148129,-0.10021415,0.18317924,0.22048258,0.15011152
1.370000,0.82792624,-0.10284013,1.47240084,0.04202227,1.62497720,0.88855282,0.08453224,0.03189028,0.01267564,-0.09584448,-0.11061917,-0.03914642,0.03531434,-0.10644601,-0.10241685,0.05425492,0.07398243,0.11653881
1.380000,0.82877551,-0.10252611,1.47252245,0.04106437,1.62387224,0.88816660,0.08554026,0.03095621,0.01164472,-0.09595254,-0.11061917,-0.03815477,0.16612044,-0.08021105,-0.10359503,-0.07584881,-0.07398243,0.08162466
1.390000,0.82964138,-0.10222011,1.47263371,0.04009890,1.62275990,0.88778854,0.08784696,0.03028833,0.01060724,-0.09735680,-0.11209394,-0.03751609,0.29461837,-0.05329463,-0.10372434,-0.20455608,-0.22048258,0.04605946
1.400000,0.83053667,-0.10191944,1.47273461,0.03911300,1.62162554,0.88741509,0.09141630,0.02989087,0.00957381,-0.10003042,-0.11501418,-0.03723345,0.41821754,-0.02621499,-0.10278040,-0.32929099,-0.36258859,0.01053362
1.410000,0.83147371,-0.10162140,1.47282524,0.03809423,1.62045499,0.88704270,0.09618634,0.02976285,0.00855529,-0.10392080,-0.11932130,-0.03730299,0.53432735,0.00050965,-0.10073884,-0.44747763,-0.49737103,-0.02426246
1.420000,0.83246410,-0.10132331,1.47290580,0.03703079,1.61923478,0.88666789,0.10206924,0.02989815,0.00756277,-0.10894956,-0.12492742,-0.03771396,0.64035720,0.02636105,-0.09757529,-0.55654012,-0.62190047,-0.05763838
1.430000,0.83351843,-0.10102260,1.47297662,0.03591179,1.61795250,0.88628734,0.10895125,0.03028543,0.00660760,-0.11501260,-0.13171537,-0.03844872,0.73371650,0.05082098,-0.09326537,-0.65390255,-0.73324747,-0.08890376
1.440000,0.83464600,-0.10071682,1.47303812,0.03472752,1.61659702,0.88589792,0.11669270,0.03090820,0.00570137,-0.12198003,-0.13953867,-0.03948270,0.81181464,0.07337121,-0.08778471,-0.73698903,-0.82848263,-0.11736818
1.450000,0.83585460,-0.10040372,1.47309085,0.03346969,1.61515885,0.88549679,0.12512804,0.03174476,0.00485589,-0.12969621,-0.14822155,-0.04078445,0.87206102,0.09349352,-0.08110896,-0.80322367,-0.90467649,-0.14234125
1.460000,0.83715024,-0.10008130,1.47313548,0.03213170,1.61363040,0.88508147,0.13406578,0.03276825,0.00408325,-0.13797974,-0.15755896,-0.04231559,0.91186505,0.11066966,-0.07321372,-0.85003057,-0.95889964,-0.16313258
1.470000,0.83853687,-0.09974784,1.47317280,0.03070889,1.61200627,0.88464987,0.14328856,0.03394661,0.00339577,-0.14662347,-0.16731654,-0.04403086,0.92863613,0.12438141,-0.06407463,-0.87483383,-0.98822265,-0.17905175
1.480000,0.84001615,-0.09940197,1.47320372,0.02919880,1.61028355,0.88420041,0.15255309,0.03524260,0.00280599,-0.15539449,-0.17723065,-0.04587808,0.91978366,0.13411054,-0.05366732,-0.87505756,-0.98971608,-0.18940838
1.490000,0.84158717,-0.09904273,1.47322928,0.02760144,1.60846211,0.88373206,0.16159019,0.03661382,0.00232673,-0.16403411,-0.18700833,-0.04779818,0.88271705,0.13933882,-0.04196743,-0.84812586,-0.96045051,-0.19351206
1.500000,0.84324621,-0.09866960,1.47325066,0.02591951,1.60654491,0.88324442,0.17010475,0.03801265,0.00197103,-0.17225790,-0.19632736,-0.04972518,0.81484569,0.13954802,-0.02895056,-0.79146284,-0.89749652,-0.19067240
1.510000,0.84498647,-0.09828256,1.47326916,0.02415869,1.60453825,0.88273777,0.17777874,0.03938680,0.00175206,-0.17975852,-0.20483944,-0.05158685,0.71476233,0.13441044,-0.01464473,-0.70363334,-0.79921706,-0.18046384
1.520000,0.84679795,-0.09788212,1.47328620,0.02232775,1.60245194,0.88221314,0.18430371,0.04068448,0.00168164,-0.18623710,-0.21220573,-0.05331200,0.58579316,0.12436050,0.00071261,-0.58776517,-0.66914468,-0.16352028
1.530000,0.84866782,-0.09746928,1.47330332,0.02043822,1.60029894,0.88167220,0.18941335,0.04185972,0.00176885,-0.19143459,-0.21813244,-0.05483780,0.43244769,0.11002319,0.01683165,-0.44812691,-0.51210433,-0.14074045
1.540000,0.85058076,-0.09704547,1.47332212,0.01850405,1.59809492,0.88111723,0.19288644,0.04287274,0.00201985,-0.19513464,-0.22237400,-0.05611036,0.25923545,0.09202346,0.03342255,-0.28898709,-0.33292095,-0.11302308
1.550000,0.85251950,-0.09661248,1.47334427,0.01654111,1.59585774,0.88055099,0.19454687,0.04369006,0.00243791,-0.19716356,-0.22473313,-0.05708480,0.07066597,0.07098628,0.05019549,-0.11461429,-0.13641947,-0.08126690
1.560000,0.85446521,-0.09617241,1.47337144,0.01456679,1.59360703,0.87997665,0.19426360,0.04428442,0.00302340,-0.19739037,-0.22506075,-0.05772523,-0.12875124,0.04753662,0.06686067,0.07072295,0.07257516,-0.04637065
1.570000,0.85639800,-0.09572760,1.47340529,0.01259961,1.59136364,0.87939769,0.19195072,0.04463483,0.00377379,-0.19572678,-0.22325606,-0.05800474,-0.33450665,0.02229944,0.08312824,0.26275606,0.28923800,-0.00923306
1.580000,0.85829732,-0.09528058,1.47344745,0.01065871,1.58914920,0.87881782,0.18756738,0.04472654,0.00468367,-0.19212716,-0.21926651,-0.05790541,-0.54209072,-0.00410029,0.09870839,0.45721649,0.50874411,0.02924712
1.590000,0.86014246,-0.09483397,1.47349947,0.00876353,1.58698561,0.87824087,0.18111784,0.04455104,0.00574470,-0.18658859,-0.21308779,-0.05741832,-0.74699395,-0.03103761,0.11331130,0.64983568,0.72626854,0.06817118
1.600000,0.86191295,-0.09439046,1.47356281,0.00693328,1.58489460,0.87767074,0.17265146,0.04410608,0.00694567,-0.17915081,-0.20476383,-0.05654350,-0.94470680,-0.05788755,0.12664715,0.83634507,0.93698636,0.10664036
1.610000,0.86358907,-0.09395273,1.47363880,0.00518657,1.58289719,0.87711127,0.16226270,0.04339566,0.00827246,-0.16989628,-0.19438683,-0.05529002,-1.13071975,-0.08402515,0.13842611,1.01247611,1.13607263,0.14375595
1.620000,0.86515226,-0.09352339,1.47372862,0.00354100,1.58101324,0.87656615,0.15009110,0.04243003,0.00970804,-0.15895011,-0.18209723,-0.05367589,-1.30052327,-0.10882543,0.14835836,1.17396024,1.31870240,0.17861919
1.630000,0.86658556,-0.09310493,1.47383326,0.00201266,1.57926099,0.87603886,0.13632130,0.04122569,0.01123250,-0.14648013,-0.16808372,-0.05172814,-1.44960785,-0.13166344,0.15615407,1.31652889,1.48005074,0.21033137
1.640000,0.86787412,-0.09269960,1.47395349,0.00061578,1.57765653,0.87553258,0.12118304,0.03980539,0.01282303,-0.13269682,-0.15258324,-0.04948277,-1.57346395,-0.15191420,0.16152344,1.43591352,1.61529269,0.23799374
1.650000,0.86900557,-0.09230944,1.47408986,-0.00063774,1.57621334,0.87505005,0.10495115,0.03819812,0.01445392,-0.11785337,-0.13588097,-0.04698476,-1.66758205,-0.16895275,0.16417663,1.52784556,1.71960333,0.26070756
1.660000,0.86997056,-0.09193615,1.47424261,-0.00173874,1.57494181,0.87459354,0.08794556,0.03643912,0.01609655,-0.10224564,-0.11831036,-0.04428811,-1.72745263,-0.18215413,0.16382382,1.58805646,1.78815770,0.27757411
1.670000,0.87076312,-0.09158103,1.47441172,-0.00268123,1.57384876,0.87416474,0.07053129,0.03456991,0.01771941,-0.08621220,-0.10025309,-0.04145577,-1.74856616,-0.19089337,0.16017519,1.61227765,1.81613087,0.28769466
1.680000,0.87138118,-0.09124496,1.47459682,-0.00346283,1.57293694,0.87376464,0.05311845,0.03263821,0.01928810,-0.07013428,-0.08213910,-0.03855969,-1.72641311,-0.19454550,0.15294093,1.59624059,1.79869790,0.29017045
1.690000,0.87182700,-0.09092829,1.47479718,-0.00408518,1.57220458,0.87339349,0.03616228,0.03069804,0.02076531,-0.05443581,-0.06444657,-0.03568083,-1.65648397,-0.19248556,0.14183119,1.53567672,1.73103384,0.28410277
1.700000,0.87210761,-0.09063082,1.47501169,-0.00455436,1.57164486,0.87305067,0.02016306,0.02880962,0.02211084,-0.03958340,-0.04770194,-0.03290911,-1.53426921,-0.18408858,0.12655617,1.42631747,1.60831376,0.26859288
1.710000,0.87223527,-0.09035171,1.47523881,-0.00488136,1.57124547,0.87273462,0.00566621,0.02703947,0.02328158,-0.02608634,-0.03247990,-0.03034345,-1.35525930,-0.16872960,0.10682605,1.26389430,1.42571271,0.24274203
1.720000,0.87222791,-0.09008940,1.47547658,-0.00508244,1.57098811,0.87244275,-0.00673778,0.02546032,0.02423154,-0.01449662,-0.01940337,-0.02809174,-1.11494472,-0.14578365,0.08235099,1.04413863,1.17840575,0.20565151
1.730000,0.87210960,-0.08984160,1.47572254,-0.00517963,1.57084802,0.87217135,-0.01641330,0.02415117,0.02491182,-0.00540891,-0.00914355,-0.02627088,-0.80881595,-0.11462576,0.05284118,0.76278192,0.86156794,0.15642256
1.740000,0.87191100,-0.08960519,1.47597375,-0.00520108,1.57079346,0.87191548,-0.02267968,0.02319726,0.02527062,0.00053945,-0.00241987,-0.02500674,-0.43236346,-0.07463096,0.01800679,0.41555561,0.47037433,0.09415647
1.750000,0.87166979,-0.08937617,1.47622670,-0.00518156,1.57078528,0.87166891,-0.02481113,0.02269009,0.02525324,0.00266841,0.00000000,-0.02443420,0.01892228,-0.02517430,-0.02244199,-0.00180887,0.00000000,0.01795449
